关系中文名称,关系英文名称,反关系中文名称,反关系英文名称,对象1中文名称,对象1英文名称,对象2中文名称,对象2英文名称
包含,includes,属于,isPartof,客户规模,CustomerScale,总客户规模,TotalCustomerScale
包含,includes,属于,isPartof,客户规模,CustomerScale,新客规模,NewCustomerScale
包含,includes,属于,isPartof,客户规模,CustomerScale,老客规模,ExistingCustomerScale
包含,includes,属于,isPartof,客户规模,CustomerScale,潜客规模,PotentialCustomerScale
包含,includes,属于,isPartof,客户规模,CustomerScale,宽带客户规模,BroadbandCustomerScale
包含,includes,属于,isPartof,客户规模,CustomerScale,权益客户规模,PrivilegeCustomerScale
包含,includes,属于,isPartof,客户规模,CustomerScale,融合客户规模,ConvergedCustomerScale
包含,includes,属于,isPartof,客户规模,CustomerScale,终端客户规模,TerminalCustomerScale
包含,includes,属于,isPartof,客户规模,CustomerScale,偏好客户,PreferenceCustomers
包含,includes,属于,isPartof,客户规模,CustomerScale,升档客户规模,UpgradedCustomerScale
包含,includes,属于,isPartof,客户规模,CustomerScale,降档客户规模,DowngradedCustomerScale
包含,includes,属于,isPartof,客户规模,CustomerScale,老客留存规模,ExistingCustomerRetentionScale
包含,includes,属于,isPartof,客户规模,CustomerScale,老客流失规模,ExistingCustomerChurnScale
包含,includes,属于,isPartof,客户维系,CustomerRetention,老客留存策略,ExistingCustomerRetentionStrategy
包含,includes,属于,isPartof,客户维系,CustomerRetention,升档策略规模,UpgradingStrategyScale
包含,includes,属于,isPartof,客户维系,CustomerRetention,挽回量,RecoveryVolume
包含,includes,属于,isPartof,客户行为,CustomerBehavior,客户使用,CustomerUsage
包含,includes,属于,isPartof,客户行为,CustomerBehavior,客户体验,CustomerExperience
包含,includes,属于,isPartof,客户行为,CustomerBehavior,流失风险,ChurnRisk
包含,includes,属于,isPartof,客户行为,CustomerBehavior,异网侵扰量,CompetitorInvasionVolume
包含,includes,属于,isPartof,客户行为,CustomerBehavior,到期续约,RenewalUponExpiration
包含,includes,属于,isPartof,流失与拆机,ChurnandDisconnection,携出量,PortoutVolume
包含,includes,属于,isPartof,流失与拆机,ChurnandDisconnection,电信携出,ChinaTelecomPortout
包含,includes,属于,isPartof,流失与拆机,ChurnandDisconnection,联通携出,ChinaUnicomPortout
包含,includes,属于,isPartof,流失与拆机,ChurnandDisconnection,拆机量,DisconnectionVolume
包含,includes,属于,isPartof,流失与拆机,ChurnandDisconnection,离网量,ChurnVolume
包含,includes,属于,isPartof,收入影响,RevenueImpact,总收入规模,TotalRevenueScale
包含,includes,属于,isPartof,收入影响,RevenueImpact,老客收入,ExistingCustomerRevenue
包含,includes,属于,isPartof,收入影响,RevenueImpact,宽带客户收入,BroadbandCustomerRevenue
包含,includes,属于,isPartof,收入影响,RevenueImpact,权益客户收入,PrivilegeCustomerRevenue
包含,includes,属于,isPartof,收入影响,RevenueImpact,融合客户收入,ConvergedCustomerRevenue
包含,includes,属于,isPartof,收入影响,RevenueImpact,终端客户收入,TerminalCustomerRevenue
包含,includes,属于,isPartof,收入影响,RevenueImpact,升档客户收入,UpgradedCustomerRevenue
包含,includes,属于,isPartof,收入影响,RevenueImpact,降档客户收入,DowngradedCustomerRevenue
包含,includes,属于,isPartof,收入影响,RevenueImpact,老客留存收入,ExistingCustomerRetentionRevenue
包含,includes,属于,isPartof,收入影响,RevenueImpact,老客流失收入,ExistingCustomerChurnRevenue
包含,includes,属于,isPartof,收入影响,RevenueImpact,客户使用收入,CustomerUsageRevenue
包含,includes,属于,isPartof,收入影响,RevenueImpact,携出金额,PortingOutAmount
包含,includes,属于,isPartof,收入影响,RevenueImpact,拆机收入影响,RevenueImpactofServiceCancellation
包含,includes,属于,isPartof,收入影响,RevenueImpact,离网收入影响,RevenueImpactofChurn
包含,includes,属于,isPartof,拆机量,DisconnectionVolume,全球通拆机意向客户占比,ProportionofGoToneCustomerswithServiceCancellationIntent
包含,includes,属于,isPartof,拆机量,DisconnectionVolume,全球通拆机意向规模,ScaleofGoToneServiceCancellationIntent
包含,includes,属于,isPartof,拆机量,DisconnectionVolume,全球通拆机意向工单数,NumberofWorkOrdersforGoToneServiceCancellationIntent
包含,includes,属于,isPartof,拆机量,DisconnectionVolume,全球通拆机意向分公司工单数,NumberofWorkOrdersforGoToneServiceCancellationIntentbyBranch
包含,includes,属于,isPartof,拆机量,DisconnectionVolume,全球通拆机率,GoToneServiceCancellationRate
包含,includes,属于,isPartof,拆机量,DisconnectionVolume,全球通拆机规模,GlobalSystemDisconnectionScale
包含,includes,属于,isPartof,拆机量,DisconnectionVolume,拆机处理及时率,TimelinessRateofServiceCancellationProcessing
包含,includes,属于,isPartof,拆机量,DisconnectionVolume,拆机接通率,ServiceCancellationConnectionRate
包含,includes,属于,isPartof,拆机收入影响,RevenueImpactofServiceCancellation,拆机金额,ServiceCancellationAmount
包含,includes,属于,isPartof,到期续约,RenewalUponExpiration,全球通融合客户到期续约数,NumberofRenewedGoToneConvergedCustomersUponExpiration
包含,includes,属于,isPartof,到期续约,RenewalUponExpiration,全球通融合客户到期续约率,RenewalRateofGoToneConvergedCustomersUponExpiration
包含,includes,属于,isPartof,到期续约,RenewalUponExpiration,全球通宽带客户到期续约数,NumberofRenewedGoToneBroadbandCustomersUponExpiration
包含,includes,属于,isPartof,到期续约,RenewalUponExpiration,全球通宽带客户到期续约率,RenewalRateofGoToneBroadbandCustomersUponExpiration
包含,includes,属于,isPartof,到期续约,RenewalUponExpiration,全球通权益客户到期续约数,NumberofRenewedGoToneBenefitCustomersUponExpiration
包含,includes,属于,isPartof,到期续约,RenewalUponExpiration,全球通权益客户到期续约率,RenewalRateofGoToneBenefitCustomersUponExpiration
包含,includes,属于,isPartof,到期续约,RenewalUponExpiration,全球通终端客户到期续约数,NumberofRenewedGoToneTerminalCustomersUponExpiration
包含,includes,属于,isPartof,到期续约,RenewalUponExpiration,全球通终端客户到期续约率,RenewalRateofGoToneTerminalCustomersUponExpiration
包含,includes,属于,isPartof,电信携出,ChinaTelecomPortout,全球通电信携出规模,GlobalSystemChinaTelecomPortoutScale
包含,includes,属于,isPartof,电信携出,ChinaTelecomPortout,全球通电信携出占比,ProportionofGoTonePortingOuttoChinaTelecom
包含,includes,属于,isPartof,降档客户规模,DowngradedCustomerScale,全球通降档规模,GlobalSystemDowngradeScale
包含,includes,属于,isPartof,降档客户规模,DowngradedCustomerScale,全球通降档率,GoToneDowngradingRate
包含,includes,属于,isPartof,降档客户规模,DowngradedCustomerScale,全球通降档总数量,TotalNumberofGoToneDowngrades
包含,includes,属于,isPartof,降档客户规模,DowngradedCustomerScale,全球通总降档率,TotalGoToneDowngradingRate
包含,includes,属于,isPartof,降档客户规模,DowngradedCustomerScale,全球通降档一降到底数量,NumberofGoToneFullDowngradeCases
包含,includes,属于,isPartof,降档客户规模,DowngradedCustomerScale,全球通降档一降到底降档率,GoToneFullDowngradeRate
包含,includes,属于,isPartof,降档客户规模,DowngradedCustomerScale,升降档比,UpgradingDowngradingRatio
包含,includes,属于,isPartof,降档客户规模,DowngradedCustomerScale,降档意向客户,CustomerswithDowngradeIntent
包含,includes,属于,isPartof,降档客户规模,DowngradedCustomerScale,降档风险,DowngradeRisk
包含,includes,属于,isPartof,降档客户规模,DowngradedCustomerScale,降档损收,RevenueLossfromDowngrades
包含,includes,属于,isPartof,降档客户收入,DowngradedCustomerRevenue,月均一降到底单客户提升金额,AverageMonthlyRevenueChangeperFullDowngradeCustomer
包含,includes,属于,isPartof,降档客户收入,DowngradedCustomerRevenue,一降到底损收,RevenueLossfromFullDowngrades
包含,includes,属于,isPartof,降档客户收入,DowngradedCustomerRevenue,月均降档单客户提升金额,AverageMonthlyRevenueChangeperDowngradedCustomer
包含,includes,属于,isPartof,降档客户收入,DowngradedCustomerRevenue,降档金额,DowngradeAmount
包含,includes,属于,isPartof,降档客户收入,DowngradedCustomerRevenue,单客容降档金额,MaximumAllowableDowngradeAmountperCustomer
包含,includes,属于,isPartof,客户使用,CustomerUsage,全球通超套客户规模,ScaleofGoToneOverPackageCustomers
包含,includes,属于,isPartof,客户使用,CustomerUsage,手机上网流量份额,MobileDataUsageShare
包含,includes,属于,isPartof,客户使用,CustomerUsage,流量饱和度,DataUsageSaturationRate
包含,includes,属于,isPartof,客户使用,CustomerUsage,超套客户占比,ProportionofOverPackageCustomers
包含,includes,属于,isPartof,客户使用,CustomerUsage,超套风险客户低频高额,HighValueLowFrequencyOverPackageRiskCustomers
包含,includes,属于,isPartof,客户使用,CustomerUsage,超套风险客户高频高额,HighValueHighFrequencyOverPackageRiskCustomers
包含,includes,属于,isPartof,客户使用,CustomerUsage,超套风险客户低频低额,LowValueLowFrequencyOverPackageRiskCustomers
包含,includes,属于,isPartof,客户使用,CustomerUsage,超套风险客户高频低额,LowValueHighFrequencyOverPackageRiskCustomers
包含,includes,属于,isPartof,客户使用,CustomerUsage,超套客户归位策略数量,NumberofOverPackageCustomerReorientationStrategies
包含,includes,属于,isPartof,客户使用,CustomerUsage,超套客户触达量,OverPackageCustomerReachVolume
包含,includes,属于,isPartof,客户使用,CustomerUsage,超套归位主套餐类,MainPackageReorientationforOverPackageCustomers
包含,includes,属于,isPartof,客户使用,CustomerUsage,超套归位流量包类,DataPackageReorientationforOverPackageCustomers
包含,includes,属于,isPartof,客户使用,CustomerUsage,智家办理量,SmartHomeServiceSubscriptionVolume
包含,includes,属于,isPartof,客户使用,CustomerUsage,终端硬件办理量,TerminalHardwareSubscriptionVolume
包含,includes,属于,isPartof,客户使用收入,CustomerUsageRevenue,全球通超套客户ARPU,ARPUofGoToneOverPackageCustomers
包含,includes,属于,isPartof,客户使用收入,CustomerUsageRevenue,全球通超套客户收入占比,ProportionofRevenuefromGoToneOverPackageCustomers
包含,includes,属于,isPartof,宽带客户规模,BroadbandCustomerScale,宽带质量差移机无覆盖等,PoorBroadbandQualityandRelocationWithoutCoverage
包含,includes,属于,isPartof,宽带客户规模,BroadbandCustomerScale,宽带类策略数量,NumberofBroadbandRelatedStrategies
包含,includes,属于,isPartof,宽带客户规模,BroadbandCustomerScale,宽带类触达量,BroadbandRelatedReachVolume
包含,includes,属于,isPartof,宽带客户规模,BroadbandCustomerScale,宽带新增,NewBroadbandSubscriptions
包含,includes,属于,isPartof,宽带客户规模,BroadbandCustomerScale,云宽带,CloudBroadband
包含,includes,属于,isPartof,宽带客户规模,BroadbandCustomerScale,全球通宽带渗透率,GoToneBroadbandPenetrationRate
包含,includes,属于,isPartof,宽带客户规模,BroadbandCustomerScale,固移融合率,FixedMobileConvergenceRate
包含,includes,属于,isPartof,宽带客户规模,BroadbandCustomerScale,存宽迁移客户规模量,ScaleofExistingBroadbandMigrationCustomers
包含,includes,属于,isPartof,宽带客户规模,BroadbandCustomerScale,云宽迁移,CloudBroadbandMigration
包含,includes,属于,isPartof,宽带客户规模,BroadbandCustomerScale,全球通客户宽带客户数,NumberofGlobalSystemBroadbandCustomers
包含,includes,属于,isPartof,宽带客户收入,BroadbandCustomerRevenue,全球通宽带客户ARPU,ARPUofGoToneBroadbandCustomers
包含,includes,属于,isPartof,宽带客户收入,BroadbandCustomerRevenue,全球通宽带客户收入占比,RevenueContributionRateofGlobalSystemBroadbandCustomers
包含,includes,属于,isPartof,客户体验,CustomerExperience,全球通客户满意度,GoToneCustomerSatisfaction
包含,includes,属于,isPartof,客户体验,CustomerExperience,全球通融合客户满意度,GoToneConvergedCustomerSatisfaction
包含,includes,属于,isPartof,客户体验,CustomerExperience,全球通宽带客户满意度,GoToneBroadbandCustomerSatisfaction
包含,includes,属于,isPartof,客户体验,CustomerExperience,全球通宽带大网满意度,GoToneBroadbandNetworkSatisfaction
包含,includes,属于,isPartof,客户体验,CustomerExperience,全球通权益客户满意度,GoToneBenefitCustomerSatisfaction
包含,includes,属于,isPartof,客户体验,CustomerExperience,全球通终端客户满意度,GoToneTerminalCustomerSatisfaction
包含,includes,属于,isPartof,客户体验,CustomerExperience,全球通整体大网满意度,OverallGoToneNetworkSatisfaction
包含,includes,属于,isPartof,客户体验,CustomerExperience,全球通手机满意度,GoToneMobilePhoneSatisfaction
包含,includes,属于,isPartof,客户体验,CustomerExperience,全球通手机上网大网满意度,GoToneMobileDataNetworkSatisfaction
包含,includes,属于,isPartof,客户体验,CustomerExperience,全球通营销宣传满意度,GoToneMarketingandPromotionSatisfaction
包含,includes,属于,isPartof,客户体验,CustomerExperience,全球通营销宣传大网满意度,GoToneMarketingandPromotionNetworkSatisfaction
包含,includes,属于,isPartof,客户体验,CustomerExperience,网络质量不好,PoorNetworkQuality
包含,includes,属于,isPartof,客户体验,CustomerExperience,服务不满,DissatisfactionwithServices
包含,includes,属于,isPartof,客户体验,CustomerExperience,离京出国,DeparturefromBeijing_Abroad
包含,includes,属于,isPartof,总客户规模,TotalCustomerScale,总客户量,TotalCustomerVolume
包含,includes,属于,isPartof,总客户规模,TotalCustomerScale,全球通规模保有率,GlobalSystemRetentionRate
包含,includes,属于,isPartof,总客户规模,TotalCustomerScale,总客户影响,TotalCustomerImpact
包含,includes,属于,isPartof,总客户规模,TotalCustomerScale,全球通总客户数量,TotalGlobalSystemCustomerCount
包含,includes,属于,isPartof,总客户规模,TotalCustomerScale,全球通总客户占比,ProportionofTotalGoToneCustomers
包含,includes,属于,isPartof,总客户规模,TotalCustomerScale,全球通客户流量使用总量,TotalDataUsageofGoToneCustomers
包含,includes,属于,isPartof,新客规模,NewCustomerScale,全球通新客数量,NewGlobalSystemCustomerCount
包含,includes,属于,isPartof,新客规模,NewCustomerScale,全球通新客占比,ProportionofNewGoToneCustomers
包含,includes,属于,isPartof,新客规模,NewCustomerScale,开新降/销/拆旧,NewActivationDowngradeCancellationDisconnectionofOldServices
包含,includes,属于,isPartof,老客规模,ExistingCustomerScale,全球通老客数量,ExistingGlobalSystemCustomerCount
包含,includes,属于,isPartof,老客规模,ExistingCustomerScale,全球通老客占比,ProportionofExistingGoToneCustomers
包含,includes,属于,isPartof,老客规模,ExistingCustomerScale,出账客户到达规模,BillingCustomerReachScale
包含,includes,属于,isPartof,老客规模,ExistingCustomerScale,出账客户净增,NetIncreaseinBillingCustomers
包含,includes,属于,isPartof,潜客规模,PotentialCustomerScale,全球通宽带潜在客户数,PotentialGlobalSystemBroadbandCustomers
包含,includes,属于,isPartof,潜客规模,PotentialCustomerScale,全球通宽带潜在客户占比,ProportionofPotentialGoToneBroadbandCustomers
包含,includes,属于,isPartof,潜客规模,PotentialCustomerScale,新号无宽带客户规模量,ScaleofNewNumberCustomersWithoutBroadband
包含,includes,属于,isPartof,潜客规模,PotentialCustomerScale,中高饱和无宽带,MediumHighSaturationWithoutBroadband
包含,includes,属于,isPartof,潜客规模,PotentialCustomerScale,全球通权益潜在客户数,PotentialGlobalSystemPrivilegeCustomers
包含,includes,属于,isPartof,潜客规模,PotentialCustomerScale,全球通权益潜在客户占比,ProportionofPotentialGoToneBenefitCustomers
包含,includes,属于,isPartof,潜客规模,PotentialCustomerScale,低饱和无权益,LowSaturationWithoutBenefits
包含,includes,属于,isPartof,潜客规模,PotentialCustomerScale,全球通终端潜在客户数,PotentialGlobalSystemTerminalCustomers
包含,includes,属于,isPartof,潜客规模,PotentialCustomerScale,全球通终端潜在客户占比,ProportionofPotentialGoToneTerminalCustomers
包含,includes,属于,isPartof,潜客规模,PotentialCustomerScale,存号无宽客户规模量,ScaleofRetainedNumberCustomersWithoutBroadband
包含,includes,属于,isPartof,潜客规模,PotentialCustomerScale,终端换机潜在需求客户,CustomerswithPotentialDemandforTerminalReplacement
包含,includes,属于,isPartof,潜客规模,PotentialCustomerScale,十年以上网龄客户,CustomerswithMoreThan10YearsofNetworkAge
包含,includes,属于,isPartof,潜客规模,PotentialCustomerScale,两年以上未换机客户,CustomersWhoHaveNotReplacedTerminalsforMoreThan2Years
包含,includes,属于,isPartof,潜客规模,PotentialCustomerScale,终端可营销客户,MarketableTerminalCustomers
包含,includes,属于,isPartof,潜客规模,PotentialCustomerScale,智家硬件偏好需求客户,CustomerswithPreferenceforSmartHomeHardware
包含,includes,属于,isPartof,潜客规模,PotentialCustomerScale,云电脑偏好客户,CustomerswithPreferenceforCloudComputers
包含,includes,属于,isPartof,潜客规模,PotentialCustomerScale,安防偏好客户,CustomerswithPreferenceforSecurityProducts
包含,includes,属于,isPartof,潜客规模,PotentialCustomerScale,网络优化偏好客户,CustomerswithPreferenceforNetworkOptimization
包含,includes,属于,isPartof,潜客规模,PotentialCustomerScale,门锁类偏好客户,CustomerswithPreferenceforDoorLockProducts
包含,includes,属于,isPartof,潜客规模,PotentialCustomerScale,康养类偏好客户,CustomerswithPreferenceforHealthCareProducts
包含,includes,属于,isPartof,潜客规模,PotentialCustomerScale,宠物类需求客户,CustomerswithDemandforPetRelatedProducts
包含,includes,属于,isPartof,潜客规模,PotentialCustomerScale,热线商机甩单工单数量,NumberofHotlineBusinessOpportunityTransferWorkOrders
包含,includes,属于,isPartof,潜客规模,PotentialCustomerScale,热线商机甩单处理率,ProcessingRateofHotlineBusinessOpportunityTransfers
包含,includes,属于,isPartof,潜客规模,PotentialCustomerScale,意图商机识别工单数量,NumberofIntentionalBusinessOpportunityIdentificationWorkOrders
包含,includes,属于,isPartof,潜客规模,PotentialCustomerScale,意图商机识别处理率,ProcessingRateofIntentionalBusinessOpportunityIdentification
包含,includes,属于,isPartof,权益客户规模,PrivilegeCustomerScale,高价值权益发展,DevelopmentofHighValueBenefits
包含,includes,属于,isPartof,权益客户规模,PrivilegeCustomerScale,高价值权益潜在需求客户,CustomerswithPotentialDemandforHighValueBenefits
包含,includes,属于,isPartof,权益客户规模,PrivilegeCustomerScale,99PLUS规模,99PLUSPlanScale
包含,includes,属于,isPartof,权益客户规模,PrivilegeCustomerScale,全球通客户权益融合率,GoToneCustomerBenefitConvergenceRate
包含,includes,属于,isPartof,权益客户规模,PrivilegeCustomerScale,权益渗透率,BenefitPenetrationRate
包含,includes,属于,isPartof,权益客户规模,PrivilegeCustomerScale,权益渗透客户规模,ScaleofBenefitPenetratedCustomers
包含,includes,属于,isPartof,权益客户规模,PrivilegeCustomerScale,全球通权益活跃度,GoToneBenefitActivityRate
包含,includes,属于,isPartof,权益客户规模,PrivilegeCustomerScale,权益活跃客户规模,ScaleofActiveBenefitCustomers
包含,includes,属于,isPartof,权益客户规模,PrivilegeCustomerScale,权益类策略数量,NumberofBenefitRelatedStrategies
包含,includes,属于,isPartof,权益客户规模,PrivilegeCustomerScale,权益类触达量,BenefitRelatedReachVolume
包含,includes,属于,isPartof,权益客户规模,PrivilegeCustomerScale,全球通客户权益客户数,NumberofGlobalSystemPrivilegeCustomers
包含,includes,属于,isPartof,融合客户规模,ConvergedCustomerScale,全球通融合客户规模,GlobalSystemConvergedCustomerScale
包含,includes,属于,isPartof,融合客户规模,ConvergedCustomerScale,全球通融合客户占比,ProportionofGoToneConvergedCustomers
包含,includes,属于,isPartof,融合客户规模,ConvergedCustomerScale,全球通客户宽带客户融合率,GoToneCustomerBroadbandCustomerConvergenceRate
包含,includes,属于,isPartof,融合客户规模,ConvergedCustomerScale,有效融合率,EffectiveConvergenceRate
包含,includes,属于,isPartof,融合客户规模,ConvergedCustomerScale,全球通客户宽移融合率,GoToneCustomerBroadbandMobileConvergenceRate
包含,includes,属于,isPartof,融合客户规模,ConvergedCustomerScale,固移融合资费侵扰,FixedMobileConvergenceTariffIntrusion
包含,includes,属于,isPartof,终端客户规模,TerminalCustomerScale,全球通客户终端客户融合率,GoToneCustomerTerminalCustomerConvergenceRate
包含,includes,属于,isPartof,终端客户规模,TerminalCustomerScale,终端硬件类策略数量,NumberofTerminalHardwareRelatedStrategies
包含,includes,属于,isPartof,终端客户规模,TerminalCustomerScale,终端硬件类触达量,TerminalHardwareRelatedReachVolume
包含,includes,属于,isPartof,终端客户规模,TerminalCustomerScale,终端硬件融合率,TerminalHardwareConvergenceRate
包含,includes,属于,isPartof,终端客户规模,TerminalCustomerScale,全球通客户终端客户数,NumberofGlobalSystemTerminalCustomers
包含,includes,属于,isPartof,偏好客户,PreferenceCustomers,视频偏好客户,CustomerswithPreferenceforVideoServices
包含,includes,属于,isPartof,偏好客户,PreferenceCustomers,音乐偏好客户,CustomerswithPreferenceforMusicServices
包含,includes,属于,isPartof,偏好客户,PreferenceCustomers,餐饮美食偏好客户,CustomerswithPreferenceforCateringandFood
包含,includes,属于,isPartof,偏好客户,PreferenceCustomers,购物商超偏好客户,CustomerswithPreferenceforShoppingMallsandSupermarkets
包含,includes,属于,isPartof,偏好客户,PreferenceCustomers,出行偏好客户,CustomerswithPreferenceforTravelServices
包含,includes,属于,isPartof,偏好客户,PreferenceCustomers,权益未活跃客户,InactiveBenefitCustomers
包含,includes,属于,isPartof,升档客户规模,UpgradedCustomerScale,全球通升档规模,GlobalSystemUpgradeScale
包含,includes,属于,isPartof,升档客户规模,UpgradedCustomerScale,全球通升档率,GoToneUpgradingRate
包含,includes,属于,isPartof,老客留存规模,ExistingCustomerRetentionScale,全球通老客留存数量,NumberofRetainedExistingGoToneCustomers
包含,includes,属于,isPartof,老客留存规模,ExistingCustomerRetentionScale,全球通老客留存占比,ProportionofRetainedExistingGoToneCustomers
包含,includes,属于,isPartof,老客留存规模,ExistingCustomerRetentionScale,通信客户到达规模,CommunicationCustomerReachScale
包含,includes,属于,isPartof,老客留存规模,ExistingCustomerRetentionScale,通信客户净增,NetIncreaseinCommunicationCustomers
包含,includes,属于,isPartof,老客流失规模,ExistingCustomerChurnScale,全球通老客流失数量,ExistingGlobalSystemCustomerChurnCount
包含,includes,属于,isPartof,老客流失规模,ExistingCustomerChurnScale,全球通老客流失占比,ProportionofChurnedExistingGoToneCustomers
包含,includes,属于,isPartof,老客流失规模,ExistingCustomerChurnScale,合约到期反弹,ReboundAfterContractExpiration
包含,includes,属于,isPartof,总收入规模,TotalRevenueScale,总收入,TotalRevenue
包含,includes,属于,isPartof,总收入规模,TotalRevenueScale,收入保有率,RevenueRetentionRate
包含,includes,属于,isPartof,总收入规模,TotalRevenueScale,保拓比,RetentionDevelopmentRatio
包含,includes,属于,isPartof,总收入规模,TotalRevenueScale,总收入影响,TotalRevenueImpact
包含,includes,属于,isPartof,总收入规模,TotalRevenueScale,全球通总收入,TotalGlobalSystemRevenue
包含,includes,属于,isPartof,总收入规模,TotalRevenueScale,全球通总收入占比,ProportionofTotalGoToneRevenue
包含,includes,属于,isPartof,老客收入,ExistingCustomerRevenue,全球通老客户ARPU,ARPUofExistingGoToneCustomers
包含,includes,属于,isPartof,老客收入,ExistingCustomerRevenue,全球通老客户收入占比,RevenueContributionRateofExistingGlobalSystemCustomers
包含,includes,属于,isPartof,老客收入,ExistingCustomerRevenue,出账客户ARPU,ARPUofBillingCustomers
包含,includes,属于,isPartof,老客收入,ExistingCustomerRevenue,出账客户份额,BillingCustomerShare
包含,includes,属于,isPartof,权益客户收入,PrivilegeCustomerRevenue,全球通权益客户ARPU,ARPUofGoToneBenefitCustomers
包含,includes,属于,isPartof,权益客户收入,PrivilegeCustomerRevenue,全球通权益客户收入占比,RevenueContributionRateofGlobalSystemPrivilegeCustomers
包含,includes,属于,isPartof,融合客户收入,ConvergedCustomerRevenue,全球通融合客户ARPU,ARPUofGoToneConvergedCustomers
包含,includes,属于,isPartof,融合客户收入,ConvergedCustomerRevenue,全球通融合客户收入占比,RevenueContributionRateofGlobalSystemConvergedCustomers
包含,includes,属于,isPartof,终端客户收入,TerminalCustomerRevenue,全球通终端客户ARPU,ARPUofGoToneTerminalCustomers
包含,includes,属于,isPartof,终端客户收入,TerminalCustomerRevenue,全球通终端客户收入占比,RevenueContributionRateofGlobalSystemTerminalCustomers
包含,includes,属于,isPartof,升档客户收入,UpgradedCustomerRevenue,月均升档客户提升金额（元）,AverageMonthlyRevenueIncreaseperUpgradedCustomer_RMB
包含,includes,属于,isPartof,老客留存收入,ExistingCustomerRetentionRevenue,全球通老客户留存ARPU,RetainedARPUofExistingGoToneCustomers
包含,includes,属于,isPartof,老客留存收入,ExistingCustomerRetentionRevenue,全球通老客户留存收入占比,ProportionofRetentionRevenuefromExistingGoToneCustomers
包含,includes,属于,isPartof,老客流失收入,ExistingCustomerChurnRevenue,全球通老客流失ARPU,ARPUofChurnedExistingGoToneCustomers
包含,includes,属于,isPartof,老客流失收入,ExistingCustomerChurnRevenue,全球通老客流失收入占比,ProportionofChurnRevenuefromExistingGoToneCustomers
包含,includes,属于,isPartof,携出金额,PortingOutAmount,当月携出单容损失金额,MonthlyPerCustomerRevenueLossfromPortingOut
包含,includes,属于,isPartof,携出金额,PortingOutAmount,全球通携出金额,GlobalPortingOutAmount
包含,includes,属于,isPartof,离网收入影响,RevenueImpactofChurn,当月离网单容损失金额,MonthlyPerCustomerRevenueLossfromChurn
包含,includes,属于,isPartof,流失风险,ChurnRisk,查码工单量,CodeInquiryWorkOrderVolume
包含,includes,属于,isPartof,流失风险,ChurnRisk,接通率,ConnectionRate
包含,includes,属于,isPartof,流失风险,ChurnRisk,及时率,TimelinessRate
包含,includes,属于,isPartof,异网侵扰量,CompetitorInvasionVolume,全球通异网侵扰量,GlobalSystemCompetitorInvasionVolume
包含,includes,属于,isPartof,异网侵扰量,CompetitorInvasionVolume,全球通联通异网侵扰量,GlobalSystemChinaUnicomInvasionVolume
包含,includes,属于,isPartof,异网侵扰量,CompetitorInvasionVolume,全球通电信异网侵扰量,GlobalSystemChinaTelecomInvasionVolume
包含,includes,属于,isPartof,异网侵扰量,CompetitorInvasionVolume,成员资费侵扰,MemberTariffIntrusion
包含,includes,属于,isPartof,异网侵扰量,CompetitorInvasionVolume,终端号卡侵扰,TerminalSIMCardIntrusion
包含,includes,属于,isPartof,老客留存策略,ExistingCustomerRetentionStrategy,终端硬合约规模,TerminalHardContractScale
包含,includes,属于,isPartof,老客留存策略,ExistingCustomerRetentionStrategy,硬合约率,HardContractRate
包含,includes,属于,isPartof,老客留存策略,ExistingCustomerRetentionStrategy,低饱和无硬合约,LowSaturationWithoutHardContracts
包含,includes,属于,isPartof,老客留存策略,ExistingCustomerRetentionStrategy,全球通低饱和客户占比,ProportionofLowSaturationGoToneCustomers
包含,includes,属于,isPartof,老客留存策略,ExistingCustomerRetentionStrategy,大网低饱和客户占比,ProportionofLowSaturationNetworkCustomers
包含,includes,属于,isPartof,老客留存策略,ExistingCustomerRetentionStrategy,低饱和客户群组业务策略数量,NumberofBusinessStrategiesforLowSaturationCustomerGroups
包含,includes,属于,isPartof,老客留存策略,ExistingCustomerRetentionStrategy,低饱和客户触达量,LowSaturationCustomerReachVolume
包含,includes,属于,isPartof,老客留存策略,ExistingCustomerRetentionStrategy,低饱和归位万能副卡,UniversalSecondaryCardReorientationforLowSaturationCustomers
包含,includes,属于,isPartof,老客留存策略,ExistingCustomerRetentionStrategy,低饱和归位爱家产品计划,AijiaProductPlanReorientationforLowSaturationCustomers
包含,includes,属于,isPartof,老客留存策略,ExistingCustomerRetentionStrategy,硬合约客户规模,ScaleofHardContractCustomers
包含,includes,属于,isPartof,老客留存策略,ExistingCustomerRetentionStrategy,中高饱和有宽,MediumHighSaturationwithBroadband
包含,includes,属于,isPartof,老客留存策略,ExistingCustomerRetentionStrategy,中高端客户到达规模,MidtoHighEndCustomerReachScale
包含,includes,属于,isPartof,老客留存策略,ExistingCustomerRetentionStrategy,中高端客户净增,NetIncreaseinMidtoHighEndCustomers
包含,includes,属于,isPartof,老客留存策略,ExistingCustomerRetentionStrategy,FTTR发展到达规模,FTTRDevelopmentReachScale
包含,includes,属于,isPartof,老客留存策略,ExistingCustomerRetentionStrategy,FTTR发展净增,NetIncreaseinFTTRDevelopment
包含,includes,属于,isPartof,老客留存策略,ExistingCustomerRetentionStrategy,移动高清发展到达规模,MobileHDDevelopmentReachScale
包含,includes,属于,isPartof,老客留存策略,ExistingCustomerRetentionStrategy,云电脑发展到达规模,CloudComputerDevelopmentReachScale
包含,includes,属于,isPartof,老客留存策略,ExistingCustomerRetentionStrategy,APP客户活跃规模,ActiveAPPCustomerScale
包含,includes,属于,isPartof,老客留存策略,ExistingCustomerRetentionStrategy,APP客户渗透率,APPCustomerPenetrationRate
包含,includes,属于,isPartof,升档策略规模,UpgradingStrategyScale,三大计划参与率,ParticipationRateofThreeMajorPlans
包含,includes,属于,isPartof,升档策略规模,UpgradingStrategyScale,全球通升级计划参与客户量,NumberofParticipantsinGoToneUpgradePlan
包含,includes,属于,isPartof,升档策略规模,UpgradingStrategyScale,全球通升级计划参与率,ParticipationRateofGoToneUpgradePlan
包含,includes,属于,isPartof,升档策略规模,UpgradingStrategyScale,网龄回馈计划参与客户量,NumberofParticipantsinNetworkAgeRewardPlan
包含,includes,属于,isPartof,升档策略规模,UpgradingStrategyScale,网龄回馈计划参与率,ParticipationRateofNetworkAgeRewardPlan
包含,includes,属于,isPartof,升档策略规模,UpgradingStrategyScale,移动爱家计划参与客户量,NumberofParticipantsinMobileAijiaPlan
包含,includes,属于,isPartof,升档策略规模,UpgradingStrategyScale,移动爱家计划参与率,ParticipationRateofMobileAijiaPlan
包含,includes,属于,isPartof,挽回量,RecoveryVolume,全球通携出客户综合挽留数量,NumberofComprehensiveRetentionsforGoTonePortingOutCustomers
包含,includes,属于,isPartof,挽回量,RecoveryVolume,全球通携出客户综合挽留率,ComprehensiveRetentionRateforGoTonePortingOutCustomers
包含,includes,属于,isPartof,挽回量,RecoveryVolume,拆机综合挽留成功率,ComprehensiveRetentionSuccessRateforServiceCancellations
包含,includes,属于,isPartof,携出量,PortoutVolume,全球通携出意向规模,ScaleofGoTonePortingOutIntent
包含,includes,属于,isPartof,携出量,PortoutVolume,全球通携出意向客户占比,ProportionofGoToneCustomerswithPortingOutIntent
包含,includes,属于,isPartof,携出量,PortoutVolume,携出风险占比,ProportionofPortingOutRisk
包含,includes,属于,isPartof,携出量,PortoutVolume,全球通携出数量,NumberofGoTonePortingOutCases
包含,includes,属于,isPartof,携出量,PortoutVolume,全球通携出率,GoTonePortingOutRate
包含,includes,属于,isPartof,携出量,PortoutVolume,成员携出规模,MemberPortingOutScale
包含,includes,属于,isPartof,携出量,PortoutVolume,携出处理及时率,TimelinessRateofPortingOutProcessing
包含,includes,属于,isPartof,携出量,PortoutVolume,携出查码工单量,PortingOutCodeInquiryWorkOrderVolume
包含,includes,属于,isPartof,携出量,PortoutVolume,携出接通率,PortingOutConnectionRate
包含,includes,属于,isPartof,携出量,PortoutVolume,全球通携出客户品牌转换量,NumberofBrandConversionsAmongGoTonePortingOutCustomers
包含,includes,属于,isPartof,携出量,PortoutVolume,全球通携出客户品牌转换占比,ProportionofBrandConversionsAmongGoTonePortingOutCustomers
包含,includes,属于,isPartof,携出量,PortoutVolume,全球通异网携出规模,GlobalSystemCrossnetworkPortoutScale
包含,includes,属于,isPartof,携出量,PortoutVolume,全球通异网携出占比,ProportionofGoTonePortingOuttoOtherNetworks
包含,includes,属于,isPartof,联通携出,ChinaUnicomPortout,全球通联通携出规模,GlobalSystemChinaUnicomPortoutScale
包含,includes,属于,isPartof,联通携出,ChinaUnicomPortout,全球通联通携出占比,ProportionofGoTonePortingOuttoChinaUnicom
包含,includes,属于,isPartof,离网量,ChurnVolume,全球通离网意向客户占比,ProportionofGoToneCustomerswithChurnIntent
包含,includes,属于,isPartof,离网量,ChurnVolume,全球通离网规模,GlobalSystemChurnScale
包含,includes,属于,isPartof,离网量,ChurnVolume,全球通离网率,GoToneChurnRate
包含,includes,属于,isPartof,离网量,ChurnVolume,离网风险,DisconnectionRisk
包含,includes,属于,isPartof,大类A：规模与价值保有结果,ScaleandValueRetentionResults,中类A1：总体保有成效,OverallRetentionPerformance
包含,includes,属于,isPartof,大类A：规模与价值保有结果,ScaleandValueRetentionResults,中类A2：客户规模与结构,CustomerScaleandStructure
包含,includes,属于,isPartof,大类A：规模与价值保有结果,ScaleandValueRetentionResults,中类A3：收入与客户价值,RevenueandCustomerValue
包含,includes,属于,isPartof,大类B：价值经营与深度捆绑,ValueOperationandDeepBundling,中类B1：升降档经营,UpgradeandDowngradeOperation
包含,includes,属于,isPartof,大类B：价值经营与深度捆绑,ValueOperationandDeepBundling,中类B2：业务渗透与融合,BusinessPenetrationandConvergence
包含,includes,属于,isPartof,大类C：流失风险与客户挽留,ChurnRiskandCustomerRetention,中类C1：流失风险预警,ChurnRiskEarlyWarning
包含,includes,属于,isPartof,大类C：流失风险与客户挽留,ChurnRiskandCustomerRetention,中类C2：实际流失分析,ActualChurnAnalysis
包含,includes,属于,isPartof,大类C：流失风险与客户挽留,ChurnRiskandCustomerRetention,中类C3：挽留能力评估,RetentionCapabilityEvaluation
包含,includes,属于,isPartof,大类D：潜在需求与客户体验,PotentialDemandandCustomerExperience,中类D1：潜在客户挖掘,PotentialCustomerMining
包含,includes,属于,isPartof,大类D：潜在需求与客户体验,PotentialDemandandCustomerExperience,中类D2：商机转化与业务办理,BusinessOpportunityConversionandServiceHandling
包含,includes,属于,isPartof,大类D：潜在需求与客户体验,PotentialDemandandCustomerExperience,中类D3：客户体验与满意度,CustomerExperienceandSatisfaction
包含,includes,属于,isPartof,大类E：运营效率与策略执行,OperationalEfficiencyandStrategyExecution,中类E1：策略触达与执行,StrategyReachandExecution
包含,includes,属于,isPartof,大类E：运营效率与策略执行,OperationalEfficiencyandStrategyExecution,中类E2：服务运营效能,ServiceOperationEfficiency
包含,includes,属于,isPartof,大类E：运营效率与策略执行,OperationalEfficiencyandStrategyExecution,中类E3：到期续约管理,RenewalManagementUponExpiration
包含,includes,属于,isPartof,中类A1：总体保有成效,OverallRetentionPerformance,总客户量,TotalCustomerVolume
包含,includes,属于,isPartof,中类A1：总体保有成效,OverallRetentionPerformance,全球通规模保有率,GlobalSystemRetentionRate
包含,includes,属于,isPartof,中类A1：总体保有成效,OverallRetentionPerformance,总客户影响,TotalCustomerImpact
包含,includes,属于,isPartof,中类A2：客户规模与结构,CustomerScaleandStructure,全球通总客户数量,TotalGlobalSystemCustomerCount
包含,includes,属于,isPartof,中类A2：客户规模与结构,CustomerScaleandStructure,全球通总客户占比,ProportionofTotalGoToneCustomers
包含,includes,属于,isPartof,中类A2：客户规模与结构,CustomerScaleandStructure,全球通客户流量使用总量,TotalDataUsageofGoToneCustomers
包含,includes,属于,isPartof,中类A1：总体保有成效,OverallRetentionPerformance,全球通新客数量,NewGlobalSystemCustomerCount
包含,includes,属于,isPartof,中类A1：总体保有成效,OverallRetentionPerformance,全球通新客占比,ProportionofNewGoToneCustomers
包含,includes,属于,isPartof,中类D3：客户体验与满意度,CustomerExperienceandSatisfaction,开新降/销/拆旧,NewActivationDowngradeCancellationDisconnectionofOldServices
包含,includes,属于,isPartof,中类A1：总体保有成效,OverallRetentionPerformance,全球通老客数量,ExistingGlobalSystemCustomerCount
包含,includes,属于,isPartof,中类A1：总体保有成效,OverallRetentionPerformance,全球通老客占比,ProportionofExistingGoToneCustomers
包含,includes,属于,isPartof,中类A1：总体保有成效,OverallRetentionPerformance,出账客户到达规模,BillingCustomerReachScale
包含,includes,属于,isPartof,中类A1：总体保有成效,OverallRetentionPerformance,出账客户净增,NetIncreaseinBillingCustomers
包含,includes,属于,isPartof,中类D1：潜在客户挖掘,PotentialCustomerMining,全球通宽带潜在客户数,PotentialGlobalSystemBroadbandCustomers
包含,includes,属于,isPartof,中类D1：潜在客户挖掘,PotentialCustomerMining,全球通宽带潜在客户占比,ProportionofPotentialGoToneBroadbandCustomers
包含,includes,属于,isPartof,中类D1：潜在客户挖掘,PotentialCustomerMining,新号无宽带客户规模量,ScaleofNewNumberCustomersWithoutBroadband
包含,includes,属于,isPartof,中类D1：潜在客户挖掘,PotentialCustomerMining,中高饱和无宽带,MediumHighSaturationWithoutBroadband
包含,includes,属于,isPartof,中类D1：潜在客户挖掘,PotentialCustomerMining,全球通权益潜在客户数,PotentialGlobalSystemPrivilegeCustomers
包含,includes,属于,isPartof,中类D1：潜在客户挖掘,PotentialCustomerMining,全球通权益潜在客户占比,ProportionofPotentialGoToneBenefitCustomers
包含,includes,属于,isPartof,中类D1：潜在客户挖掘,PotentialCustomerMining,低饱和无权益,LowSaturationWithoutBenefits
包含,includes,属于,isPartof,中类D1：潜在客户挖掘,PotentialCustomerMining,全球通终端潜在客户数,PotentialGlobalSystemTerminalCustomers
包含,includes,属于,isPartof,中类D1：潜在客户挖掘,PotentialCustomerMining,全球通终端潜在客户占比,ProportionofPotentialGoToneTerminalCustomers
包含,includes,属于,isPartof,中类D1：潜在客户挖掘,PotentialCustomerMining,存号无宽客户规模量,ScaleofRetainedNumberCustomersWithoutBroadband
包含,includes,属于,isPartof,中类D1：潜在客户挖掘,PotentialCustomerMining,终端换机潜在需求客户,CustomerswithPotentialDemandforTerminalReplacement
包含,includes,属于,isPartof,中类D1：潜在客户挖掘,PotentialCustomerMining,十年以上网龄客户,CustomerswithMoreThan10YearsofNetworkAge
包含,includes,属于,isPartof,中类D1：潜在客户挖掘,PotentialCustomerMining,两年以上未换机客户,CustomersWhoHaveNotReplacedTerminalsforMoreThan2Years
包含,includes,属于,isPartof,中类D1：潜在客户挖掘,PotentialCustomerMining,终端可营销客户,MarketableTerminalCustomers
包含,includes,属于,isPartof,中类D1：潜在客户挖掘,PotentialCustomerMining,智家硬件偏好需求客户,CustomerswithPreferenceforSmartHomeHardware
包含,includes,属于,isPartof,中类D1：潜在客户挖掘,PotentialCustomerMining,云电脑偏好客户,CustomerswithPreferenceforCloudComputers
包含,includes,属于,isPartof,中类D1：潜在客户挖掘,PotentialCustomerMining,安防偏好客户,CustomerswithPreferenceforSecurityProducts
包含,includes,属于,isPartof,中类D1：潜在客户挖掘,PotentialCustomerMining,网络优化偏好客户,CustomerswithPreferenceforNetworkOptimization
包含,includes,属于,isPartof,中类D1：潜在客户挖掘,PotentialCustomerMining,门锁类偏好客户,CustomerswithPreferenceforDoorLockProducts
包含,includes,属于,isPartof,中类D1：潜在客户挖掘,PotentialCustomerMining,康养类偏好客户,CustomerswithPreferenceforHealthCareProducts
包含,includes,属于,isPartof,中类D1：潜在客户挖掘,PotentialCustomerMining,宠物类需求客户,CustomerswithDemandforPetRelatedProducts
包含,includes,属于,isPartof,中类D2：商机转化与业务办理,BusinessOpportunityConversionandServiceHandling,热线商机甩单工单数量,NumberofHotlineBusinessOpportunityTransferWorkOrders
包含,includes,属于,isPartof,中类D2：商机转化与业务办理,BusinessOpportunityConversionandServiceHandling,热线商机甩单处理率,ProcessingRateofHotlineBusinessOpportunityTransfers
包含,includes,属于,isPartof,中类D2：商机转化与业务办理,BusinessOpportunityConversionandServiceHandling,意图商机识别工单数量,NumberofIntentionalBusinessOpportunityIdentificationWorkOrders
包含,includes,属于,isPartof,中类D2：商机转化与业务办理,BusinessOpportunityConversionandServiceHandling,意图商机识别处理率,ProcessingRateofIntentionalBusinessOpportunityIdentification
包含,includes,属于,isPartof,中类D2：商机转化与业务办理,BusinessOpportunityConversionandServiceHandling,宽带质量差移机无覆盖等,PoorBroadbandQualityandRelocationWithoutCoverage
包含,includes,属于,isPartof,中类E1：策略触达与执行,StrategyReachandExecution,宽带类策略数量,NumberofBroadbandRelatedStrategies
包含,includes,属于,isPartof,中类E1：策略触达与执行,StrategyReachandExecution,宽带类触达量,BroadbandRelatedReachVolume
包含,includes,属于,isPartof,中类B2：业务渗透与融合,BusinessPenetrationandConvergence,宽带新增,NewBroadbandSubscriptions
包含,includes,属于,isPartof,中类B2：业务渗透与融合,BusinessPenetrationandConvergence,云宽带,CloudBroadband
包含,includes,属于,isPartof,中类B2：业务渗透与融合,BusinessPenetrationandConvergence,全球通宽带渗透率,GoToneBroadbandPenetrationRate
包含,includes,属于,isPartof,中类B2：业务渗透与融合,BusinessPenetrationandConvergence,固移融合率,FixedMobileConvergenceRate
包含,includes,属于,isPartof,中类B2：业务渗透与融合,BusinessPenetrationandConvergence,存宽迁移客户规模量,ScaleofExistingBroadbandMigrationCustomers
包含,includes,属于,isPartof,中类B2：业务渗透与融合,BusinessPenetrationandConvergence,云宽迁移,CloudBroadbandMigration
包含,includes,属于,isPartof,中类A2：客户规模与结构,CustomerScaleandStructure,全球通客户宽带客户数,NumberofGlobalSystemBroadbandCustomers
包含,includes,属于,isPartof,中类B2：业务渗透与融合,BusinessPenetrationandConvergence,高价值权益发展,DevelopmentofHighValueBenefits
包含,includes,属于,isPartof,中类B2：业务渗透与融合,BusinessPenetrationandConvergence,高价值权益潜在需求客户,CustomerswithPotentialDemandforHighValueBenefits
包含,includes,属于,isPartof,中类A2：客户规模与结构,CustomerScaleandStructure,99PLUS规模,99PLUSPlanScale
包含,includes,属于,isPartof,中类B2：业务渗透与融合,BusinessPenetrationandConvergence,全球通客户权益融合率,GoToneCustomerBenefitConvergenceRate
包含,includes,属于,isPartof,中类B2：业务渗透与融合,BusinessPenetrationandConvergence,权益渗透率,BenefitPenetrationRate
包含,includes,属于,isPartof,中类B2：业务渗透与融合,BusinessPenetrationandConvergence,权益渗透客户规模,ScaleofBenefitPenetratedCustomers
包含,includes,属于,isPartof,中类A3：收入与客户价值,RevenueandCustomerValue,全球通权益活跃度,GoToneBenefitActivityRate
包含,includes,属于,isPartof,中类A3：收入与客户价值,RevenueandCustomerValue,权益活跃客户规模,ScaleofActiveBenefitCustomers
包含,includes,属于,isPartof,中类E1：策略触达与执行,StrategyReachandExecution,权益类策略数量,NumberofBenefitRelatedStrategies
包含,includes,属于,isPartof,中类E1：策略触达与执行,StrategyReachandExecution,权益类触达量,BenefitRelatedReachVolume
包含,includes,属于,isPartof,中类A2：客户规模与结构,CustomerScaleandStructure,全球通客户权益客户数,NumberofGlobalSystemPrivilegeCustomers
包含,includes,属于,isPartof,中类A3：收入与客户价值,RevenueandCustomerValue,全球通融合客户规模,GlobalSystemConvergedCustomerScale
包含,includes,属于,isPartof,中类A3：收入与客户价值,RevenueandCustomerValue,全球通融合客户占比,ProportionofGoToneConvergedCustomers
包含,includes,属于,isPartof,中类B2：业务渗透与融合,BusinessPenetrationandConvergence,全球通客户宽带客户融合率,GoToneCustomerBroadbandCustomerConvergenceRate
包含,includes,属于,isPartof,中类B2：业务渗透与融合,BusinessPenetrationandConvergence,有效融合率,EffectiveConvergenceRate
包含,includes,属于,isPartof,中类B2：业务渗透与融合,BusinessPenetrationandConvergence,全球通客户宽移融合率,GoToneCustomerBroadbandMobileConvergenceRate
包含,includes,属于,isPartof,中类B2：业务渗透与融合,BusinessPenetrationandConvergence,固移融合资费侵扰,FixedMobileConvergenceTariffIntrusion
包含,includes,属于,isPartof,中类B2：业务渗透与融合,BusinessPenetrationandConvergence,全球通客户终端客户融合率,GoToneCustomerTerminalCustomerConvergenceRate
包含,includes,属于,isPartof,中类E1：策略触达与执行,StrategyReachandExecution,终端硬件类策略数量,NumberofTerminalHardwareRelatedStrategies
包含,includes,属于,isPartof,中类E1：策略触达与执行,StrategyReachandExecution,终端硬件类触达量,TerminalHardwareRelatedReachVolume
包含,includes,属于,isPartof,中类B2：业务渗透与融合,BusinessPenetrationandConvergence,终端硬件融合率,TerminalHardwareConvergenceRate
包含,includes,属于,isPartof,中类A2：客户规模与结构,CustomerScaleandStructure,全球通客户终端客户数,NumberofGlobalSystemTerminalCustomers
包含,includes,属于,isPartof,中类D1：潜在客户挖掘,PotentialCustomerMining,视频偏好客户,CustomerswithPreferenceforVideoServices
包含,includes,属于,isPartof,中类D1：潜在客户挖掘,PotentialCustomerMining,音乐偏好客户,CustomerswithPreferenceforMusicServices
包含,includes,属于,isPartof,中类D1：潜在客户挖掘,PotentialCustomerMining,餐饮美食偏好客户,CustomerswithPreferenceforCateringandFood
包含,includes,属于,isPartof,中类D1：潜在客户挖掘,PotentialCustomerMining,购物商超偏好客户,CustomerswithPreferenceforShoppingMallsandSupermarkets
包含,includes,属于,isPartof,中类D1：潜在客户挖掘,PotentialCustomerMining,出行偏好客户,CustomerswithPreferenceforTravelServices
包含,includes,属于,isPartof,中类D1：潜在客户挖掘,PotentialCustomerMining,权益未活跃客户,InactiveBenefitCustomers
包含,includes,属于,isPartof,中类B1：升降档经营,UpgradeandDowngradeOperation,全球通升档规模,GlobalSystemUpgradeScale
包含,includes,属于,isPartof,中类B1：升降档经营,UpgradeandDowngradeOperation,全球通升档率,GoToneUpgradingRate
包含,includes,属于,isPartof,中类B1：升降档经营,UpgradeandDowngradeOperation,全球通降档规模,GlobalSystemDowngradeScale
包含,includes,属于,isPartof,中类B1：升降档经营,UpgradeandDowngradeOperation,全球通降档率,GoToneDowngradingRate
包含,includes,属于,isPartof,中类B1：升降档经营,UpgradeandDowngradeOperation,全球通降档总数量,TotalNumberofGoToneDowngrades
包含,includes,属于,isPartof,中类B1：升降档经营,UpgradeandDowngradeOperation,全球通总降档率,TotalGoToneDowngradingRate
包含,includes,属于,isPartof,中类B1：升降档经营,UpgradeandDowngradeOperation,全球通降档一降到底数量,NumberofGoToneFullDowngradeCases
包含,includes,属于,isPartof,中类B1：升降档经营,UpgradeandDowngradeOperation,全球通降档一降到底降档率,GoToneFullDowngradeRate
包含,includes,属于,isPartof,中类B1：升降档经营,UpgradeandDowngradeOperation,升降档比,UpgradingDowngradingRatio
包含,includes,属于,isPartof,中类B1：升降档经营,UpgradeandDowngradeOperation,降档意向客户,CustomerswithDowngradeIntent
包含,includes,属于,isPartof,中类B1：升降档经营,UpgradeandDowngradeOperation,降档风险,DowngradeRisk
包含,includes,属于,isPartof,中类B1：升降档经营,UpgradeandDowngradeOperation,降档损收,RevenueLossfromDowngrades
包含,includes,属于,isPartof,中类A1：总体保有成效,OverallRetentionPerformance,全球通老客留存数量,NumberofRetainedExistingGoToneCustomers
包含,includes,属于,isPartof,中类A1：总体保有成效,OverallRetentionPerformance,全球通老客留存占比,ProportionofRetainedExistingGoToneCustomers
包含,includes,属于,isPartof,中类A2：客户规模与结构,CustomerScaleandStructure,通信客户到达规模,CommunicationCustomerReachScale
包含,includes,属于,isPartof,中类A2：客户规模与结构,CustomerScaleandStructure,通信客户净增,NetIncreaseinCommunicationCustomers
包含,includes,属于,isPartof,中类C1：流失风险预警,ChurnRiskEarlyWarning,全球通老客流失数量,ExistingGlobalSystemCustomerChurnCount
包含,includes,属于,isPartof,中类C1：流失风险预警,ChurnRiskEarlyWarning,全球通老客流失占比,ProportionofChurnedExistingGoToneCustomers
包含,includes,属于,isPartof,中类C1：流失风险预警,ChurnRiskEarlyWarning,合约到期反弹,ReboundAfterContractExpiration
包含,includes,属于,isPartof,中类A1：总体保有成效,OverallRetentionPerformance,总收入,TotalRevenue
包含,includes,属于,isPartof,中类A1：总体保有成效,OverallRetentionPerformance,收入保有率,RevenueRetentionRate
包含,includes,属于,isPartof,中类A1：总体保有成效,OverallRetentionPerformance,保拓比,RetentionDevelopmentRatio
包含,includes,属于,isPartof,中类A1：总体保有成效,OverallRetentionPerformance,总收入影响,TotalRevenueImpact
包含,includes,属于,isPartof,中类A2：客户规模与结构,CustomerScaleandStructure,全球通总收入,TotalGlobalSystemRevenue
包含,includes,属于,isPartof,中类A2：客户规模与结构,CustomerScaleandStructure,全球通总收入占比,ProportionofTotalGoToneRevenue
包含,includes,属于,isPartof,中类A1：总体保有成效,OverallRetentionPerformance,全球通老客户ARPU,ARPUofExistingGoToneCustomers
包含,includes,属于,isPartof,中类A1：总体保有成效,OverallRetentionPerformance,全球通老客户收入占比,RevenueContributionRateofExistingGlobalSystemCustomers
包含,includes,属于,isPartof,中类A1：总体保有成效,OverallRetentionPerformance,出账客户ARPU,ARPUofBillingCustomers
包含,includes,属于,isPartof,中类A1：总体保有成效,OverallRetentionPerformance,出账客户份额,BillingCustomerShare
包含,includes,属于,isPartof,中类A3：收入与客户价值,RevenueandCustomerValue,全球通宽带客户ARPU,ARPUofGoToneBroadbandCustomers
包含,includes,属于,isPartof,中类A3：收入与客户价值,RevenueandCustomerValue,全球通宽带客户收入占比,RevenueContributionRateofGlobalSystemBroadbandCustomers
包含,includes,属于,isPartof,中类A3：收入与客户价值,RevenueandCustomerValue,全球通权益客户ARPU,ARPUofGoToneBenefitCustomers
包含,includes,属于,isPartof,中类A3：收入与客户价值,RevenueandCustomerValue,全球通权益客户收入占比,RevenueContributionRateofGlobalSystemPrivilegeCustomers
包含,includes,属于,isPartof,中类A3：收入与客户价值,RevenueandCustomerValue,全球通融合客户ARPU,ARPUofGoToneConvergedCustomers
包含,includes,属于,isPartof,中类A3：收入与客户价值,RevenueandCustomerValue,全球通融合客户收入占比,RevenueContributionRateofGlobalSystemConvergedCustomers
包含,includes,属于,isPartof,中类A3：收入与客户价值,RevenueandCustomerValue,全球通终端客户ARPU,ARPUofGoToneTerminalCustomers
包含,includes,属于,isPartof,中类A3：收入与客户价值,RevenueandCustomerValue,全球通终端客户收入占比,RevenueContributionRateofGlobalSystemTerminalCustomers
包含,includes,属于,isPartof,中类B1：升降档经营,UpgradeandDowngradeOperation,月均升档客户提升金额（元）,AverageMonthlyRevenueIncreaseperUpgradedCustomer_RMB
包含,includes,属于,isPartof,中类B1：升降档经营,UpgradeandDowngradeOperation,月均一降到底单客户提升金额,AverageMonthlyRevenueChangeperFullDowngradeCustomer
包含,includes,属于,isPartof,中类B1：升降档经营,UpgradeandDowngradeOperation,一降到底损收,RevenueLossfromFullDowngrades
包含,includes,属于,isPartof,中类B1：升降档经营,UpgradeandDowngradeOperation,月均降档单客户提升金额,AverageMonthlyRevenueChangeperDowngradedCustomer
包含,includes,属于,isPartof,中类B1：升降档经营,UpgradeandDowngradeOperation,降档金额,DowngradeAmount
包含,includes,属于,isPartof,中类B1：升降档经营,UpgradeandDowngradeOperation,单客容降档金额,MaximumAllowableDowngradeAmountperCustomer
包含,includes,属于,isPartof,中类A1：总体保有成效,OverallRetentionPerformance,全球通老客户留存ARPU,RetainedARPUofExistingGoToneCustomers
包含,includes,属于,isPartof,中类A1：总体保有成效,OverallRetentionPerformance,全球通老客户留存收入占比,ProportionofRetentionRevenuefromExistingGoToneCustomers
包含,includes,属于,isPartof,中类C1：流失风险预警,ChurnRiskEarlyWarning,全球通老客流失ARPU,ARPUofChurnedExistingGoToneCustomers
包含,includes,属于,isPartof,中类C1：流失风险预警,ChurnRiskEarlyWarning,全球通老客流失收入占比,ProportionofChurnRevenuefromExistingGoToneCustomers
包含,includes,属于,isPartof,中类A3：收入与客户价值,RevenueandCustomerValue,全球通超套客户ARPU,ARPUofGoToneOverPackageCustomers
包含,includes,属于,isPartof,中类A3：收入与客户价值,RevenueandCustomerValue,全球通超套客户收入占比,ProportionofRevenuefromGoToneOverPackageCustomers
包含,includes,属于,isPartof,中类C2：实际流失分析,ActualChurnAnalysis,当月携出单容损失金额,MonthlyPerCustomerRevenueLossfromPortingOut
包含,includes,属于,isPartof,中类C2：实际流失分析,ActualChurnAnalysis,全球通携出金额,GlobalPortingOutAmount
包含,includes,属于,isPartof,中类C2：实际流失分析,ActualChurnAnalysis,拆机金额,ServiceCancellationAmount
包含,includes,属于,isPartof,中类C1：流失风险预警,ChurnRiskEarlyWarning,当月离网单容损失金额,MonthlyPerCustomerRevenueLossfromChurn
包含,includes,属于,isPartof,中类C1：流失风险预警,ChurnRiskEarlyWarning,全球通超套客户规模,ScaleofGoToneOverPackageCustomers
包含,includes,属于,isPartof,中类C1：流失风险预警,ChurnRiskEarlyWarning,手机上网流量份额,MobileDataUsageShare
包含,includes,属于,isPartof,中类C1：流失风险预警,ChurnRiskEarlyWarning,流量饱和度,DataUsageSaturationRate
包含,includes,属于,isPartof,中类C1：流失风险预警,ChurnRiskEarlyWarning,超套客户占比,ProportionofOverPackageCustomers
包含,includes,属于,isPartof,中类C1：流失风险预警,ChurnRiskEarlyWarning,超套风险客户低频高额,HighValueLowFrequencyOverPackageRiskCustomers
包含,includes,属于,isPartof,中类C1：流失风险预警,ChurnRiskEarlyWarning,超套风险客户高频高额,HighValueHighFrequencyOverPackageRiskCustomers
包含,includes,属于,isPartof,中类C1：流失风险预警,ChurnRiskEarlyWarning,超套风险客户低频低额,LowValueLowFrequencyOverPackageRiskCustomers
包含,includes,属于,isPartof,中类C1：流失风险预警,ChurnRiskEarlyWarning,超套风险客户高频低额,LowValueHighFrequencyOverPackageRiskCustomers
包含,includes,属于,isPartof,中类E1：策略触达与执行,StrategyReachandExecution,超套客户归位策略数量,NumberofOverPackageCustomerReorientationStrategies
包含,includes,属于,isPartof,中类E1：策略触达与执行,StrategyReachandExecution,超套客户触达量,OverPackageCustomerReachVolume
包含,includes,属于,isPartof,中类E1：策略触达与执行,StrategyReachandExecution,超套归位主套餐类,MainPackageReorientationforOverPackageCustomers
包含,includes,属于,isPartof,中类E1：策略触达与执行,StrategyReachandExecution,超套归位流量包类,DataPackageReorientationforOverPackageCustomers
包含,includes,属于,isPartof,中类B2：业务渗透与融合,BusinessPenetrationandConvergence,智家办理量,SmartHomeServiceSubscriptionVolume
包含,includes,属于,isPartof,中类B2：业务渗透与融合,BusinessPenetrationandConvergence,终端硬件办理量,TerminalHardwareSubscriptionVolume
包含,includes,属于,isPartof,中类D3：客户体验与满意度,CustomerExperienceandSatisfaction,全球通客户满意度,GoToneCustomerSatisfaction
包含,includes,属于,isPartof,中类D3：客户体验与满意度,CustomerExperienceandSatisfaction,全球通融合客户满意度,GoToneConvergedCustomerSatisfaction
包含,includes,属于,isPartof,中类D3：客户体验与满意度,CustomerExperienceandSatisfaction,全球通宽带客户满意度,GoToneBroadbandCustomerSatisfaction
包含,includes,属于,isPartof,中类D3：客户体验与满意度,CustomerExperienceandSatisfaction,全球通宽带大网满意度,GoToneBroadbandNetworkSatisfaction
包含,includes,属于,isPartof,中类D3：客户体验与满意度,CustomerExperienceandSatisfaction,全球通权益客户满意度,GoToneBenefitCustomerSatisfaction
包含,includes,属于,isPartof,中类D3：客户体验与满意度,CustomerExperienceandSatisfaction,全球通终端客户满意度,GoToneTerminalCustomerSatisfaction
包含,includes,属于,isPartof,中类D3：客户体验与满意度,CustomerExperienceandSatisfaction,全球通整体大网满意度,OverallGoToneNetworkSatisfaction
包含,includes,属于,isPartof,中类D3：客户体验与满意度,CustomerExperienceandSatisfaction,全球通手机满意度,GoToneMobilePhoneSatisfaction
包含,includes,属于,isPartof,中类D3：客户体验与满意度,CustomerExperienceandSatisfaction,全球通手机上网大网满意度,GoToneMobileDataNetworkSatisfaction
包含,includes,属于,isPartof,中类D3：客户体验与满意度,CustomerExperienceandSatisfaction,全球通营销宣传满意度,GoToneMarketingandPromotionSatisfaction
包含,includes,属于,isPartof,中类D3：客户体验与满意度,CustomerExperienceandSatisfaction,全球通营销宣传大网满意度,GoToneMarketingandPromotionNetworkSatisfaction
包含,includes,属于,isPartof,中类D3：客户体验与满意度,CustomerExperienceandSatisfaction,网络质量不好,PoorNetworkQuality
包含,includes,属于,isPartof,中类D3：客户体验与满意度,CustomerExperienceandSatisfaction,服务不满,DissatisfactionwithServices
包含,includes,属于,isPartof,中类D3：客户体验与满意度,CustomerExperienceandSatisfaction,离京出国,DeparturefromBeijing_Abroad
包含,includes,属于,isPartof,中类E2：服务运营效能,ServiceOperationEfficiency,查码工单量,CodeInquiryWorkOrderVolume
包含,includes,属于,isPartof,中类E2：服务运营效能,ServiceOperationEfficiency,接通率,ConnectionRate
包含,includes,属于,isPartof,中类E2：服务运营效能,ServiceOperationEfficiency,及时率,TimelinessRate
包含,includes,属于,isPartof,中类C1：流失风险预警,ChurnRiskEarlyWarning,全球通异网侵扰量,GlobalSystemCompetitorInvasionVolume
包含,includes,属于,isPartof,中类C1：流失风险预警,ChurnRiskEarlyWarning,全球通联通异网侵扰量,GlobalSystemChinaUnicomInvasionVolume
包含,includes,属于,isPartof,中类C1：流失风险预警,ChurnRiskEarlyWarning,全球通电信异网侵扰量,GlobalSystemChinaTelecomInvasionVolume
包含,includes,属于,isPartof,中类C1：流失风险预警,ChurnRiskEarlyWarning,成员资费侵扰,MemberTariffIntrusion
包含,includes,属于,isPartof,中类C1：流失风险预警,ChurnRiskEarlyWarning,终端号卡侵扰,TerminalSIMCardIntrusion
包含,includes,属于,isPartof,中类E3：到期续约管理,RenewalManagementUponExpiration,全球通融合客户到期续约数,NumberofRenewedGoToneConvergedCustomersUponExpiration
包含,includes,属于,isPartof,中类E3：到期续约管理,RenewalManagementUponExpiration,全球通融合客户到期续约率,RenewalRateofGoToneConvergedCustomersUponExpiration
包含,includes,属于,isPartof,中类E3：到期续约管理,RenewalManagementUponExpiration,全球通宽带客户到期续约数,NumberofRenewedGoToneBroadbandCustomersUponExpiration
包含,includes,属于,isPartof,中类E3：到期续约管理,RenewalManagementUponExpiration,全球通宽带客户到期续约率,RenewalRateofGoToneBroadbandCustomersUponExpiration
包含,includes,属于,isPartof,中类E3：到期续约管理,RenewalManagementUponExpiration,全球通权益客户到期续约数,NumberofRenewedGoToneBenefitCustomersUponExpiration
包含,includes,属于,isPartof,中类E3：到期续约管理,RenewalManagementUponExpiration,全球通权益客户到期续约率,RenewalRateofGoToneBenefitCustomersUponExpiration
包含,includes,属于,isPartof,中类E3：到期续约管理,RenewalManagementUponExpiration,全球通终端客户到期续约数,NumberofRenewedGoToneTerminalCustomersUponExpiration
包含,includes,属于,isPartof,中类E3：到期续约管理,RenewalManagementUponExpiration,全球通终端客户到期续约率,RenewalRateofGoToneTerminalCustomersUponExpiration
包含,includes,属于,isPartof,中类A2：客户规模与结构,CustomerScaleandStructure,终端硬合约规模,TerminalHardContractScale
包含,includes,属于,isPartof,中类A2：客户规模与结构,CustomerScaleandStructure,硬合约率,HardContractRate
包含,includes,属于,isPartof,中类A2：客户规模与结构,CustomerScaleandStructure,低饱和无硬合约,LowSaturationWithoutHardContracts
包含,includes,属于,isPartof,中类A2：客户规模与结构,CustomerScaleandStructure,全球通低饱和客户占比,ProportionofLowSaturationGoToneCustomers
包含,includes,属于,isPartof,中类A2：客户规模与结构,CustomerScaleandStructure,大网低饱和客户占比,ProportionofLowSaturationNetworkCustomers
包含,includes,属于,isPartof,中类E1：策略触达与执行,StrategyReachandExecution,低饱和客户群组业务策略数量,NumberofBusinessStrategiesforLowSaturationCustomerGroups
包含,includes,属于,isPartof,中类E1：策略触达与执行,StrategyReachandExecution,低饱和客户触达量,LowSaturationCustomerReachVolume
包含,includes,属于,isPartof,中类E1：策略触达与执行,StrategyReachandExecution,低饱和归位万能副卡,UniversalSecondaryCardReorientationforLowSaturationCustomers
包含,includes,属于,isPartof,中类E1：策略触达与执行,StrategyReachandExecution,低饱和归位爱家产品计划,AijiaProductPlanReorientationforLowSaturationCustomers
包含,includes,属于,isPartof,中类A2：客户规模与结构,CustomerScaleandStructure,硬合约客户规模,ScaleofHardContractCustomers
包含,includes,属于,isPartof,中类A2：客户规模与结构,CustomerScaleandStructure,中高饱和有宽,MediumHighSaturationwithBroadband
包含,includes,属于,isPartof,中类A2：客户规模与结构,CustomerScaleandStructure,中高端客户到达规模,MidtoHighEndCustomerReachScale
包含,includes,属于,isPartof,中类A2：客户规模与结构,CustomerScaleandStructure,中高端客户净增,NetIncreaseinMidtoHighEndCustomers
包含,includes,属于,isPartof,中类A2：客户规模与结构,CustomerScaleandStructure,FTTR发展到达规模,FTTRDevelopmentReachScale
包含,includes,属于,isPartof,中类A2：客户规模与结构,CustomerScaleandStructure,FTTR发展净增,NetIncreaseinFTTRDevelopment
包含,includes,属于,isPartof,中类A2：客户规模与结构,CustomerScaleandStructure,移动高清发展到达规模,MobileHDDevelopmentReachScale
包含,includes,属于,isPartof,中类A2：客户规模与结构,CustomerScaleandStructure,云电脑发展到达规模,CloudComputerDevelopmentReachScale
包含,includes,属于,isPartof,中类A2：客户规模与结构,CustomerScaleandStructure,APP客户活跃规模,ActiveAPPCustomerScale
包含,includes,属于,isPartof,中类B2：业务渗透与融合,BusinessPenetrationandConvergence,APP客户渗透率,APPCustomerPenetrationRate
包含,includes,属于,isPartof,中类B1：升降档经营,UpgradeandDowngradeOperation,三大计划参与率,ParticipationRateofThreeMajorPlans
包含,includes,属于,isPartof,中类B1：升降档经营,UpgradeandDowngradeOperation,全球通升级计划参与客户量,NumberofParticipantsinGoToneUpgradePlan
包含,includes,属于,isPartof,中类B1：升降档经营,UpgradeandDowngradeOperation,全球通升级计划参与率,ParticipationRateofGoToneUpgradePlan
包含,includes,属于,isPartof,中类B1：升降档经营,UpgradeandDowngradeOperation,网龄回馈计划参与客户量,NumberofParticipantsinNetworkAgeRewardPlan
包含,includes,属于,isPartof,中类B1：升降档经营,UpgradeandDowngradeOperation,网龄回馈计划参与率,ParticipationRateofNetworkAgeRewardPlan
包含,includes,属于,isPartof,中类B1：升降档经营,UpgradeandDowngradeOperation,移动爱家计划参与客户量,NumberofParticipantsinMobileAijiaPlan
包含,includes,属于,isPartof,中类B1：升降档经营,UpgradeandDowngradeOperation,移动爱家计划参与率,ParticipationRateofMobileAijiaPlan
包含,includes,属于,isPartof,中类C3：挽留能力评估,RetentionCapabilityEvaluation,全球通携出客户综合挽留数量,NumberofComprehensiveRetentionsforGoTonePortingOutCustomers
包含,includes,属于,isPartof,中类C3：挽留能力评估,RetentionCapabilityEvaluation,全球通携出客户综合挽留率,ComprehensiveRetentionRateforGoTonePortingOutCustomers
包含,includes,属于,isPartof,中类C3：挽留能力评估,RetentionCapabilityEvaluation,拆机综合挽留成功率,ComprehensiveRetentionSuccessRateforServiceCancellations
包含,includes,属于,isPartof,中类C1：流失风险预警,ChurnRiskEarlyWarning,全球通携出意向规模,ScaleofGoTonePortingOutIntent
包含,includes,属于,isPartof,中类C1：流失风险预警,ChurnRiskEarlyWarning,全球通携出意向客户占比,ProportionofGoToneCustomerswithPortingOutIntent
包含,includes,属于,isPartof,中类C1：流失风险预警,ChurnRiskEarlyWarning,携出风险占比,ProportionofPortingOutRisk
包含,includes,属于,isPartof,中类C2：实际流失分析,ActualChurnAnalysis,全球通携出数量,NumberofGoTonePortingOutCases
包含,includes,属于,isPartof,中类C2：实际流失分析,ActualChurnAnalysis,全球通携出率,GoTonePortingOutRate
包含,includes,属于,isPartof,中类C2：实际流失分析,ActualChurnAnalysis,成员携出规模,MemberPortingOutScale
包含,includes,属于,isPartof,中类C3：挽留能力评估,RetentionCapabilityEvaluation,携出处理及时率,TimelinessRateofPortingOutProcessing
包含,includes,属于,isPartof,中类E2：服务运营效能,ServiceOperationEfficiency,携出查码工单量,PortingOutCodeInquiryWorkOrderVolume
包含,includes,属于,isPartof,中类E2：服务运营效能,ServiceOperationEfficiency,携出接通率,PortingOutConnectionRate
包含,includes,属于,isPartof,中类C2：实际流失分析,ActualChurnAnalysis,全球通携出客户品牌转换量,NumberofBrandConversionsAmongGoTonePortingOutCustomers
包含,includes,属于,isPartof,中类C2：实际流失分析,ActualChurnAnalysis,全球通携出客户品牌转换占比,ProportionofBrandConversionsAmongGoTonePortingOutCustomers
包含,includes,属于,isPartof,中类C2：实际流失分析,ActualChurnAnalysis,全球通异网携出规模,GlobalSystemCrossnetworkPortoutScale
包含,includes,属于,isPartof,中类C2：实际流失分析,ActualChurnAnalysis,全球通异网携出占比,ProportionofGoTonePortingOuttoOtherNetworks
包含,includes,属于,isPartof,中类C2：实际流失分析,ActualChurnAnalysis,全球通电信携出规模,GlobalSystemChinaTelecomPortoutScale
包含,includes,属于,isPartof,中类C2：实际流失分析,ActualChurnAnalysis,全球通电信携出占比,ProportionofGoTonePortingOuttoChinaTelecom
包含,includes,属于,isPartof,中类C2：实际流失分析,ActualChurnAnalysis,全球通联通携出规模,GlobalSystemChinaUnicomPortoutScale
包含,includes,属于,isPartof,中类C2：实际流失分析,ActualChurnAnalysis,全球通联通携出占比,ProportionofGoTonePortingOuttoChinaUnicom
包含,includes,属于,isPartof,中类C1：流失风险预警,ChurnRiskEarlyWarning,全球通拆机意向客户占比,ProportionofGoToneCustomerswithServiceCancellationIntent
包含,includes,属于,isPartof,中类C1：流失风险预警,ChurnRiskEarlyWarning,全球通拆机意向规模,ScaleofGoToneServiceCancellationIntent
包含,includes,属于,isPartof,中类E2：服务运营效能,ServiceOperationEfficiency,全球通拆机意向工单数,NumberofWorkOrdersforGoToneServiceCancellationIntent
包含,includes,属于,isPartof,中类E2：服务运营效能,ServiceOperationEfficiency,全球通拆机意向分公司工单数,NumberofWorkOrdersforGoToneServiceCancellationIntentbyBranch
包含,includes,属于,isPartof,中类C2：实际流失分析,ActualChurnAnalysis,全球通拆机率,GoToneServiceCancellationRate
包含,includes,属于,isPartof,中类C2：实际流失分析,ActualChurnAnalysis,全球通拆机规模,GlobalSystemDisconnectionScale
包含,includes,属于,isPartof,中类C3：挽留能力评估,RetentionCapabilityEvaluation,拆机处理及时率,TimelinessRateofServiceCancellationProcessing
包含,includes,属于,isPartof,中类E2：服务运营效能,ServiceOperationEfficiency,拆机接通率,ServiceCancellationConnectionRate
包含,includes,属于,isPartof,中类C1：流失风险预警,ChurnRiskEarlyWarning,全球通离网意向客户占比,ProportionofGoToneCustomerswithChurnIntent
包含,includes,属于,isPartof,中类C1：流失风险预警,ChurnRiskEarlyWarning,全球通离网规模,GlobalSystemChurnScale
包含,includes,属于,isPartof,中类C1：流失风险预警,ChurnRiskEarlyWarning,全球通离网率,GoToneChurnRate
包含,includes,属于,isPartof,中类C1：流失风险预警,ChurnRiskEarlyWarning,离网风险,DisconnectionRisk
影响,affects,被影响,isAffectedby,总客户量,TotalCustomerVolume,总收入,TotalRevenue
影响,affects,被影响,isAffectedby,全球通规模保有率,GlobalSystemRetentionRate,收入保有率,RevenueRetentionRate
影响,affects,被影响,isAffectedby,全球通总客户数量,TotalGlobalSystemCustomerCount,全球通总收入,TotalGlobalSystemRevenue
影响,affects,被影响,isAffectedby,全球通宽带潜在客户数,PotentialGlobalSystemBroadbandCustomers,全球通新客数量,NewGlobalSystemCustomerCount
影响,affects,被影响,isAffectedby,全球通权益潜在客户数,PotentialGlobalSystemPrivilegeCustomers,全球通新客数量,NewGlobalSystemCustomerCount
影响,affects,被影响,isAffectedby,全球通终端潜在客户数,PotentialGlobalSystemTerminalCustomers,全球通新客数量,NewGlobalSystemCustomerCount
影响,affects,被影响,isAffectedby,全球通老客数量,ExistingGlobalSystemCustomerCount,全球通老客户收入占比,RevenueContributionRateofExistingGlobalSystemCustomers
影响,affects,被影响,isAffectedby,全球通客户宽带客户数,NumberofGlobalSystemBroadbandCustomers,全球通宽带客户收入占比,RevenueContributionRateofGlobalSystemBroadbandCustomers
影响,affects,被影响,isAffectedby,全球通客户权益客户数,NumberofGlobalSystemPrivilegeCustomers,全球通权益客户收入占比,RevenueContributionRateofGlobalSystemPrivilegeCustomers
影响,affects,被影响,isAffectedby,全球通客户终端客户数,NumberofGlobalSystemTerminalCustomers,全球通终端客户收入占比,RevenueContributionRateofGlobalSystemTerminalCustomers
影响,affects,被影响,isAffectedby,全球通融合客户规模,GlobalSystemConvergedCustomerScale,全球通融合客户收入占比,RevenueContributionRateofGlobalSystemConvergedCustomers
影响,affects,被影响,isAffectedby,全球通升档规模,GlobalSystemUpgradeScale,全球通老客数量,ExistingGlobalSystemCustomerCount
影响,affects,被影响,isAffectedby,全球通降档规模,GlobalSystemDowngradeScale,全球通老客数量,ExistingGlobalSystemCustomerCount
影响,affects,被影响,isAffectedby,全球通老客流失数量,ExistingGlobalSystemCustomerChurnCount,全球通老客数量,ExistingGlobalSystemCustomerCount
影响,affects,被影响,isAffectedby,全球通异网携出规模,GlobalSystemCrossnetworkPortoutScale,全球通老客数量,ExistingGlobalSystemCustomerCount
影响,affects,被影响,isAffectedby,全球通拆机规模,GlobalSystemDisconnectionScale,全球通老客数量,ExistingGlobalSystemCustomerCount
影响,affects,被影响,isAffectedby,全球通离网规模,GlobalSystemChurnScale,全球通老客数量,ExistingGlobalSystemCustomerCount
影响,affects,被影响,isAffectedby,全球通异网侵扰量,GlobalSystemCompetitorInvasionVolume,全球通异网携出规模,GlobalSystemCrossnetworkPortoutScale
影响,affects,被影响,isAffectedby,全球通宽带客户收入占比,RevenueContributionRateofGlobalSystemBroadbandCustomers,全球通总收入,TotalGlobalSystemRevenue
影响,affects,被影响,isAffectedby,全球通权益客户收入占比,RevenueContributionRateofGlobalSystemPrivilegeCustomers,全球通总收入,TotalGlobalSystemRevenue
影响,affects,被影响,isAffectedby,全球通终端客户收入占比,RevenueContributionRateofGlobalSystemTerminalCustomers,全球通总收入,TotalGlobalSystemRevenue
影响,affects,被影响,isAffectedby,全球通融合客户收入占比,RevenueContributionRateofGlobalSystemConvergedCustomers,全球通总收入,TotalGlobalSystemRevenue
影响,affects,被影响,isAffectedby,总客户影响,TotalCustomerImpact,总收入影响,TotalRevenueImpact
影响,affects,被影响,isAffectedby,全球通总客户占比,ProportionofTotalGoToneCustomers,全球通规模保有率,GlobalSystemRetentionRate
影响,affects,被影响,isAffectedby,全球通客户流量使用总量,TotalDataUsageofGoToneCustomers,手机上网流量份额,MobileDataUsageShare
影响,affects,被影响,isAffectedby,全球通新客数量,NewGlobalSystemCustomerCount,出账客户净增,NetIncreaseinBillingCustomers
影响,affects,被影响,isAffectedby,全球通新客占比,ProportionofNewGoToneCustomers,全球通总客户占比,ProportionofTotalGoToneCustomers
影响,affects,被影响,isAffectedby,开新降/销/拆旧,NewActivationDowngradeCancellationDisconnectionofOldServices,全球通老客数量,ExistingGlobalSystemCustomerCount
影响,affects,被影响,isAffectedby,全球通老客占比,ProportionofExistingGoToneCustomers,全球通总客户占比,ProportionofTotalGoToneCustomers
影响,affects,被影响,isAffectedby,出账客户到达规模,BillingCustomerReachScale,出账客户ARPU,ARPUofBillingCustomers
影响,affects,被影响,isAffectedby,出账客户净增,NetIncreaseinBillingCustomers,出账客户到达规模,BillingCustomerReachScale
影响,affects,被影响,isAffectedby,全球通宽带潜在客户占比,ProportionofPotentialGoToneBroadbandCustomers,全球通宽带渗透率,GoToneBroadbandPenetrationRate
影响,affects,被影响,isAffectedby,新号无宽带客户规模量,ScaleofNewNumberCustomersWithoutBroadband,宽带类策略数量,NumberofBroadbandRelatedStrategies
影响,affects,被影响,isAffectedby,中高饱和无宽带,MediumHighSaturationWithoutBroadband,宽带类触达量,BroadbandRelatedReachVolume
影响,affects,被影响,isAffectedby,全球通权益潜在客户占比,ProportionofPotentialGoToneBenefitCustomers,权益渗透率,BenefitPenetrationRate
影响,affects,被影响,isAffectedby,低饱和无权益,LowSaturationWithoutBenefits,权益类触达量,BenefitRelatedReachVolume
影响,affects,被影响,isAffectedby,全球通终端潜在客户占比,ProportionofPotentialGoToneTerminalCustomers,终端硬件融合率,TerminalHardwareConvergenceRate
影响,affects,被影响,isAffectedby,存号无宽客户规模量,ScaleofRetainedNumberCustomersWithoutBroadband,固移融合率,FixedMobileConvergenceRate
影响,affects,被影响,isAffectedby,终端换机潜在需求客户,CustomerswithPotentialDemandforTerminalReplacement,终端硬件类触达量,TerminalHardwareRelatedReachVolume
影响,affects,被影响,isAffectedby,十年以上网龄客户,CustomerswithMoreThan10YearsofNetworkAge,网龄回馈计划参与客户量,NumberofParticipantsinNetworkAgeRewardPlan
影响,affects,被影响,isAffectedby,两年以上未换机客户,CustomersWhoHaveNotReplacedTerminalsforMoreThan2Years,终端换机潜在需求客户,CustomerswithPotentialDemandforTerminalReplacement
影响,affects,被影响,isAffectedby,终端可营销客户,MarketableTerminalCustomers,终端硬件类触达量,TerminalHardwareRelatedReachVolume
影响,affects,被影响,isAffectedby,智家硬件偏好需求客户,CustomerswithPreferenceforSmartHomeHardware,智家办理量,SmartHomeServiceSubscriptionVolume
影响,affects,被影响,isAffectedby,云电脑偏好客户,CustomerswithPreferenceforCloudComputers,云电脑发展到达规模,CloudComputerDevelopmentReachScale
影响,affects,被影响,isAffectedby,安防偏好客户,CustomerswithPreferenceforSecurityProducts,智家办理量,SmartHomeServiceSubscriptionVolume
影响,affects,被影响,isAffectedby,网络优化偏好客户,CustomerswithPreferenceforNetworkOptimization,宽带新增,NewBroadbandSubscriptions
影响,affects,被影响,isAffectedby,门锁类偏好客户,CustomerswithPreferenceforDoorLockProducts,智家办理量,SmartHomeServiceSubscriptionVolume
影响,affects,被影响,isAffectedby,康养类偏好客户,CustomerswithPreferenceforHealthCareProducts,智家办理量,SmartHomeServiceSubscriptionVolume
影响,affects,被影响,isAffectedby,宠物类需求客户,CustomerswithDemandforPetRelatedProducts,智家办理量,SmartHomeServiceSubscriptionVolume
影响,affects,被影响,isAffectedby,热线商机甩单工单数量,NumberofHotlineBusinessOpportunityTransferWorkOrders,热线商机甩单处理率,ProcessingRateofHotlineBusinessOpportunityTransfers
影响,affects,被影响,isAffectedby,热线商机甩单处理率,ProcessingRateofHotlineBusinessOpportunityTransfers,全球通客户满意度,GoToneCustomerSatisfaction
影响,affects,被影响,isAffectedby,意图商机识别工单数量,NumberofIntentionalBusinessOpportunityIdentificationWorkOrders,意图商机识别处理率,ProcessingRateofIntentionalBusinessOpportunityIdentification
影响,affects,被影响,isAffectedby,意图商机识别处理率,ProcessingRateofIntentionalBusinessOpportunityIdentification,全球通客户满意度,GoToneCustomerSatisfaction
影响,affects,被影响,isAffectedby,宽带质量差移机无覆盖等,PoorBroadbandQualityandRelocationWithoutCoverage,全球通宽带大网满意度,GoToneBroadbandNetworkSatisfaction
影响,affects,被影响,isAffectedby,宽带类策略数量,NumberofBroadbandRelatedStrategies,宽带类触达量,BroadbandRelatedReachVolume
影响,affects,被影响,isAffectedby,宽带类触达量,BroadbandRelatedReachVolume,宽带新增,NewBroadbandSubscriptions
影响,affects,被影响,isAffectedby,宽带新增,NewBroadbandSubscriptions,全球通客户宽带客户数,NumberofGlobalSystemBroadbandCustomers
影响,affects,被影响,isAffectedby,云宽带,CloudBroadband,全球通宽带渗透率,GoToneBroadbandPenetrationRate
影响,affects,被影响,isAffectedby,全球通宽带渗透率,GoToneBroadbandPenetrationRate,全球通客户宽带客户融合率,GoToneCustomerBroadbandCustomerConvergenceRate
影响,affects,被影响,isAffectedby,固移融合率,FixedMobileConvergenceRate,全球通客户宽带客户融合率,GoToneCustomerBroadbandCustomerConvergenceRate
影响,affects,被影响,isAffectedby,存宽迁移客户规模量,ScaleofExistingBroadbandMigrationCustomers,云宽迁移,CloudBroadbandMigration
影响,affects,被影响,isAffectedby,云宽迁移,CloudBroadbandMigration,全球通融合客户规模,GlobalSystemConvergedCustomerScale
影响,affects,被影响,isAffectedby,高价值权益发展,DevelopmentofHighValueBenefits,全球通权益客户收入占比,RevenueContributionRateofGlobalSystemPrivilegeCustomers
影响,affects,被影响,isAffectedby,高价值权益潜在需求客户,CustomerswithPotentialDemandforHighValueBenefits,权益类触达量,BenefitRelatedReachVolume
影响,affects,被影响,isAffectedby,99PLUS规模,99PLUSPlanScale,全球通客户权益融合率,GoToneCustomerBenefitConvergenceRate
影响,affects,被影响,isAffectedby,全球通客户权益融合率,GoToneCustomerBenefitConvergenceRate,权益渗透率,BenefitPenetrationRate
影响,affects,被影响,isAffectedby,权益渗透率,BenefitPenetrationRate,权益渗透客户规模,ScaleofBenefitPenetratedCustomers
影响,affects,被影响,isAffectedby,权益渗透客户规模,ScaleofBenefitPenetratedCustomers,全球通客户权益客户数,NumberofGlobalSystemPrivilegeCustomers
影响,affects,被影响,isAffectedby,全球通权益活跃度,GoToneBenefitActivityRate,权益活跃客户规模,ScaleofActiveBenefitCustomers
影响,affects,被影响,isAffectedby,权益活跃客户规模,ScaleofActiveBenefitCustomers,全球通客户权益客户数,NumberofGlobalSystemPrivilegeCustomers
影响,affects,被影响,isAffectedby,权益类策略数量,NumberofBenefitRelatedStrategies,权益类触达量,BenefitRelatedReachVolume
影响,affects,被影响,isAffectedby,权益类触达量,BenefitRelatedReachVolume,权益渗透客户规模,ScaleofBenefitPenetratedCustomers
影响,affects,被影响,isAffectedby,全球通融合客户占比,ProportionofGoToneConvergedCustomers,全球通客户宽移融合率,GoToneCustomerBroadbandMobileConvergenceRate
影响,affects,被影响,isAffectedby,全球通客户宽带客户融合率,GoToneCustomerBroadbandCustomerConvergenceRate,全球通融合客户规模,GlobalSystemConvergedCustomerScale
影响,affects,被影响,isAffectedby,有效融合率,EffectiveConvergenceRate,全球通客户宽移融合率,GoToneCustomerBroadbandMobileConvergenceRate
影响,affects,被影响,isAffectedby,全球通客户宽移融合率,GoToneCustomerBroadbandMobileConvergenceRate,全球通融合客户规模,GlobalSystemConvergedCustomerScale
影响,affects,被影响,isAffectedby,固移融合资费侵扰,FixedMobileConvergenceTariffIntrusion,全球通异网侵扰量,GlobalSystemCompetitorInvasionVolume
影响,affects,被影响,isAffectedby,全球通客户终端客户融合率,GoToneCustomerTerminalCustomerConvergenceRate,终端硬件融合率,TerminalHardwareConvergenceRate
影响,affects,被影响,isAffectedby,终端硬件类策略数量,NumberofTerminalHardwareRelatedStrategies,终端硬件类触达量,TerminalHardwareRelatedReachVolume
影响,affects,被影响,isAffectedby,终端硬件类触达量,TerminalHardwareRelatedReachVolume,终端硬件办理量,TerminalHardwareSubscriptionVolume
影响,affects,被影响,isAffectedby,终端硬件融合率,TerminalHardwareConvergenceRate,全球通客户终端客户数,NumberofGlobalSystemTerminalCustomers
影响,affects,被影响,isAffectedby,视频偏好客户,CustomerswithPreferenceforVideoServices,权益类策略数量,NumberofBenefitRelatedStrategies
影响,affects,被影响,isAffectedby,音乐偏好客户,CustomerswithPreferenceforMusicServices,权益类策略数量,NumberofBenefitRelatedStrategies
影响,affects,被影响,isAffectedby,餐饮美食偏好客户,CustomerswithPreferenceforCateringandFood,权益类策略数量,NumberofBenefitRelatedStrategies
影响,affects,被影响,isAffectedby,购物商超偏好客户,CustomerswithPreferenceforShoppingMallsandSupermarkets,权益类策略数量,NumberofBenefitRelatedStrategies
影响,affects,被影响,isAffectedby,出行偏好客户,CustomerswithPreferenceforTravelServices,权益类策略数量,NumberofBenefitRelatedStrategies
影响,affects,被影响,isAffectedby,权益未活跃客户,InactiveBenefitCustomers,权益类触达量,BenefitRelatedReachVolume
影响,affects,被影响,isAffectedby,全球通升档率,GoToneUpgradingRate,全球通升档规模,GlobalSystemUpgradeScale
影响,affects,被影响,isAffectedby,全球通降档率,GoToneDowngradingRate,全球通降档规模,GlobalSystemDowngradeScale
影响,affects,被影响,isAffectedby,全球通降档总数量,TotalNumberofGoToneDowngrades,全球通总降档率,TotalGoToneDowngradingRate
影响,affects,被影响,isAffectedby,全球通总降档率,TotalGoToneDowngradingRate,全球通降档规模,GlobalSystemDowngradeScale
影响,affects,被影响,isAffectedby,全球通降档一降到底数量,NumberofGoToneFullDowngradeCases,一降到底损收,RevenueLossfromFullDowngrades
影响,affects,被影响,isAffectedby,全球通降档一降到底降档率,GoToneFullDowngradeRate,全球通降档一降到底数量,NumberofGoToneFullDowngradeCases
影响,affects,被影响,isAffectedby,升降档比,UpgradingDowngradingRatio,保拓比,RetentionDevelopmentRatio
影响,affects,被影响,isAffectedby,降档意向客户,CustomerswithDowngradeIntent,降档风险,DowngradeRisk
影响,affects,被影响,isAffectedby,降档风险,DowngradeRisk,全球通降档规模,GlobalSystemDowngradeScale
影响,affects,被影响,isAffectedby,降档损收,RevenueLossfromDowngrades,总收入影响,TotalRevenueImpact
影响,affects,被影响,isAffectedby,全球通老客留存数量,NumberofRetainedExistingGoToneCustomers,全球通老客户留存收入占比,ProportionofRetentionRevenuefromExistingGoToneCustomers
影响,affects,被影响,isAffectedby,全球通老客留存占比,ProportionofRetainedExistingGoToneCustomers,全球通老客留存数量,NumberofRetainedExistingGoToneCustomers
影响,affects,被影响,isAffectedby,通信客户到达规模,CommunicationCustomerReachScale,全球通总客户占比,ProportionofTotalGoToneCustomers
影响,affects,被影响,isAffectedby,通信客户净增,NetIncreaseinCommunicationCustomers,通信客户到达规模,CommunicationCustomerReachScale
影响,affects,被影响,isAffectedby,全球通老客流失占比,ProportionofChurnedExistingGoToneCustomers,全球通老客流失数量,ExistingGlobalSystemCustomerChurnCount
影响,affects,被影响,isAffectedby,合约到期反弹,ReboundAfterContractExpiration,全球通老客留存数量,NumberofRetainedExistingGoToneCustomers
影响,affects,被影响,isAffectedby,总收入,TotalRevenue,收入保有率,RevenueRetentionRate
影响,affects,被影响,isAffectedby,收入保有率,RevenueRetentionRate,总收入影响,TotalRevenueImpact
影响,affects,被影响,isAffectedby,保拓比,RetentionDevelopmentRatio,总收入影响,TotalRevenueImpact
影响,affects,被影响,isAffectedby,总收入影响,TotalRevenueImpact,总收入,TotalRevenue
影响,affects,被影响,isAffectedby,全球通总收入,TotalGlobalSystemRevenue,全球通总收入占比,ProportionofTotalGoToneRevenue
影响,affects,被影响,isAffectedby,全球通总收入占比,ProportionofTotalGoToneRevenue,全球通规模保有率,GlobalSystemRetentionRate
影响,affects,被影响,isAffectedby,全球通老客户ARPU,ARPUofExistingGoToneCustomers,全球通老客户收入占比,RevenueContributionRateofExistingGlobalSystemCustomers
影响,affects,被影响,isAffectedby,全球通老客户收入占比,RevenueContributionRateofExistingGlobalSystemCustomers,全球通总收入,TotalGlobalSystemRevenue
影响,affects,被影响,isAffectedby,出账客户ARPU,ARPUofBillingCustomers,出账客户份额,BillingCustomerShare
影响,affects,被影响,isAffectedby,出账客户份额,BillingCustomerShare,出账客户到达规模,BillingCustomerReachScale
影响,affects,被影响,isAffectedby,全球通宽带客户ARPU,ARPUofGoToneBroadbandCustomers,全球通宽带客户收入占比,RevenueContributionRateofGlobalSystemBroadbandCustomers
影响,affects,被影响,isAffectedby,全球通权益客户ARPU,ARPUofGoToneBenefitCustomers,全球通权益客户收入占比,RevenueContributionRateofGlobalSystemPrivilegeCustomers
影响,affects,被影响,isAffectedby,全球通融合客户ARPU,ARPUofGoToneConvergedCustomers,全球通融合客户收入占比,RevenueContributionRateofGlobalSystemConvergedCustomers
影响,affects,被影响,isAffectedby,全球通终端客户ARPU,ARPUofGoToneTerminalCustomers,全球通终端客户收入占比,RevenueContributionRateofGlobalSystemTerminalCustomers
影响,affects,被影响,isAffectedby,月均升档客户提升金额（元）,AverageMonthlyRevenueIncreaseperUpgradedCustomer_RMB,全球通老客户ARPU,ARPUofExistingGoToneCustomers
影响,affects,被影响,isAffectedby,月均一降到底单客户提升金额,AverageMonthlyRevenueChangeperFullDowngradeCustomer,一降到底损收,RevenueLossfromFullDowngrades
影响,affects,被影响,isAffectedby,一降到底损收,RevenueLossfromFullDowngrades,总收入影响,TotalRevenueImpact
影响,affects,被影响,isAffectedby,月均降档单客户提升金额,AverageMonthlyRevenueChangeperDowngradedCustomer,降档金额,DowngradeAmount
影响,affects,被影响,isAffectedby,降档金额,DowngradeAmount,总收入影响,TotalRevenueImpact
影响,affects,被影响,isAffectedby,单客容降档金额,MaximumAllowableDowngradeAmountperCustomer,降档风险,DowngradeRisk
影响,affects,被影响,isAffectedby,全球通老客户留存ARPU,RetainedARPUofExistingGoToneCustomers,全球通老客户留存收入占比,ProportionofRetentionRevenuefromExistingGoToneCustomers
影响,affects,被影响,isAffectedby,全球通老客户留存收入占比,ProportionofRetentionRevenuefromExistingGoToneCustomers,全球通总收入,TotalGlobalSystemRevenue
影响,affects,被影响,isAffectedby,全球通老客流失ARPU,ARPUofChurnedExistingGoToneCustomers,全球通老客流失收入占比,ProportionofChurnRevenuefromExistingGoToneCustomers
影响,affects,被影响,isAffectedby,全球通老客流失收入占比,ProportionofChurnRevenuefromExistingGoToneCustomers,全球通总收入,TotalGlobalSystemRevenue
影响,affects,被影响,isAffectedby,全球通超套客户ARPU,ARPUofGoToneOverPackageCustomers,全球通超套客户收入占比,ProportionofRevenuefromGoToneOverPackageCustomers
影响,affects,被影响,isAffectedby,全球通超套客户收入占比,ProportionofRevenuefromGoToneOverPackageCustomers,全球通总收入,TotalGlobalSystemRevenue
影响,affects,被影响,isAffectedby,当月携出单容损失金额,MonthlyPerCustomerRevenueLossfromPortingOut,全球通携出金额,GlobalPortingOutAmount
影响,affects,被影响,isAffectedby,全球通携出金额,GlobalPortingOutAmount,总收入影响,TotalRevenueImpact
影响,affects,被影响,isAffectedby,拆机金额,ServiceCancellationAmount,总收入影响,TotalRevenueImpact
影响,affects,被影响,isAffectedby,当月离网单容损失金额,MonthlyPerCustomerRevenueLossfromChurn,全球通离网规模,GlobalSystemChurnScale
影响,affects,被影响,isAffectedby,全球通超套客户规模,ScaleofGoToneOverPackageCustomers,超套客户占比,ProportionofOverPackageCustomers
影响,affects,被影响,isAffectedby,手机上网流量份额,MobileDataUsageShare,流量饱和度,DataUsageSaturationRate
影响,affects,被影响,isAffectedby,流量饱和度,DataUsageSaturationRate,超套客户占比,ProportionofOverPackageCustomers
影响,affects,被影响,isAffectedby,超套客户占比,ProportionofOverPackageCustomers,超套客户归位策略数量,NumberofOverPackageCustomerReorientationStrategies
影响,affects,被影响,isAffectedby,超套风险客户低频高额,HighValueLowFrequencyOverPackageRiskCustomers,超套客户归位策略数量,NumberofOverPackageCustomerReorientationStrategies
影响,affects,被影响,isAffectedby,超套风险客户高频高额,HighValueHighFrequencyOverPackageRiskCustomers,超套客户归位策略数量,NumberofOverPackageCustomerReorientationStrategies
影响,affects,被影响,isAffectedby,超套风险客户低频低额,LowValueLowFrequencyOverPackageRiskCustomers,超套客户归位策略数量,NumberofOverPackageCustomerReorientationStrategies
影响,affects,被影响,isAffectedby,超套风险客户高频低额,LowValueHighFrequencyOverPackageRiskCustomers,超套客户归位策略数量,NumberofOverPackageCustomerReorientationStrategies
影响,affects,被影响,isAffectedby,超套客户归位策略数量,NumberofOverPackageCustomerReorientationStrategies,超套客户触达量,OverPackageCustomerReachVolume
影响,affects,被影响,isAffectedby,超套客户触达量,OverPackageCustomerReachVolume,超套归位主套餐类,MainPackageReorientationforOverPackageCustomers
影响,affects,被影响,isAffectedby,超套归位主套餐类,MainPackageReorientationforOverPackageCustomers,全球通升档规模,GlobalSystemUpgradeScale
影响,affects,被影响,isAffectedby,超套归位流量包类,DataPackageReorientationforOverPackageCustomers,全球通升档规模,GlobalSystemUpgradeScale
影响,affects,被影响,isAffectedby,智家办理量,SmartHomeServiceSubscriptionVolume,智家硬件偏好需求客户,CustomerswithPreferenceforSmartHomeHardware
影响,affects,被影响,isAffectedby,终端硬件办理量,TerminalHardwareSubscriptionVolume,全球通客户终端客户数,NumberofGlobalSystemTerminalCustomers
影响,affects,被影响,isAffectedby,全球通客户满意度,GoToneCustomerSatisfaction,全球通整体大网满意度,OverallGoToneNetworkSatisfaction
影响,affects,被影响,isAffectedby,全球通融合客户满意度,GoToneConvergedCustomerSatisfaction,全球通客户满意度,GoToneCustomerSatisfaction
影响,affects,被影响,isAffectedby,全球通宽带客户满意度,GoToneBroadbandCustomerSatisfaction,全球通融合客户满意度,GoToneConvergedCustomerSatisfaction
影响,affects,被影响,isAffectedby,全球通宽带大网满意度,GoToneBroadbandNetworkSatisfaction,全球通整体大网满意度,OverallGoToneNetworkSatisfaction
影响,affects,被影响,isAffectedby,全球通权益客户满意度,GoToneBenefitCustomerSatisfaction,全球通客户满意度,GoToneCustomerSatisfaction
影响,affects,被影响,isAffectedby,全球通终端客户满意度,GoToneTerminalCustomerSatisfaction,全球通客户满意度,GoToneCustomerSatisfaction
影响,affects,被影响,isAffectedby,全球通整体大网满意度,OverallGoToneNetworkSatisfaction,全球通客户满意度,GoToneCustomerSatisfaction
影响,affects,被影响,isAffectedby,全球通手机满意度,GoToneMobilePhoneSatisfaction,全球通整体大网满意度,OverallGoToneNetworkSatisfaction
影响,affects,被影响,isAffectedby,全球通手机上网大网满意度,GoToneMobileDataNetworkSatisfaction,全球通整体大网满意度,OverallGoToneNetworkSatisfaction
影响,affects,被影响,isAffectedby,全球通营销宣传满意度,GoToneMarketingandPromotionSatisfaction,全球通营销宣传大网满意度,GoToneMarketingandPromotionNetworkSatisfaction
影响,affects,被影响,isAffectedby,全球通营销宣传大网满意度,GoToneMarketingandPromotionNetworkSatisfaction,全球通整体大网满意度,OverallGoToneNetworkSatisfaction
影响,affects,被影响,isAffectedby,网络质量不好,PoorNetworkQuality,全球通离网意向客户占比,ProportionofGoToneCustomerswithChurnIntent
影响,affects,被影响,isAffectedby,服务不满,DissatisfactionwithServices,全球通拆机意向客户占比,ProportionofGoToneCustomerswithServiceCancellationIntent
影响,affects,被影响,isAffectedby,离京出国,DeparturefromBeijing_Abroad,全球通离网意向客户占比,ProportionofGoToneCustomerswithChurnIntent
影响,affects,被影响,isAffectedby,查码工单量,CodeInquiryWorkOrderVolume,接通率,ConnectionRate
影响,affects,被影响,isAffectedby,接通率,ConnectionRate,全球通客户满意度,GoToneCustomerSatisfaction
影响,affects,被影响,isAffectedby,及时率,TimelinessRate,全球通客户满意度,GoToneCustomerSatisfaction
影响,affects,被影响,isAffectedby,全球通联通异网侵扰量,GlobalSystemChinaUnicomInvasionVolume,全球通联通携出规模,GlobalSystemChinaUnicomPortoutScale
影响,affects,被影响,isAffectedby,全球通电信异网侵扰量,GlobalSystemChinaTelecomInvasionVolume,全球通电信携出规模,GlobalSystemChinaTelecomPortoutScale
影响,affects,被影响,isAffectedby,成员资费侵扰,MemberTariffIntrusion,成员携出规模,MemberPortingOutScale
影响,affects,被影响,isAffectedby,终端号卡侵扰,TerminalSIMCardIntrusion,全球通拆机意向规模,ScaleofGoToneServiceCancellationIntent
影响,affects,被影响,isAffectedby,全球通融合客户到期续约数,NumberofRenewedGoToneConvergedCustomersUponExpiration,全球通融合客户到期续约率,RenewalRateofGoToneConvergedCustomersUponExpiration
影响,affects,被影响,isAffectedby,全球通融合客户到期续约率,RenewalRateofGoToneConvergedCustomersUponExpiration,全球通老客留存数量,NumberofRetainedExistingGoToneCustomers
影响,affects,被影响,isAffectedby,全球通宽带客户到期续约数,NumberofRenewedGoToneBroadbandCustomersUponExpiration,全球通宽带客户到期续约率,RenewalRateofGoToneBroadbandCustomersUponExpiration
影响,affects,被影响,isAffectedby,全球通宽带客户到期续约率,RenewalRateofGoToneBroadbandCustomersUponExpiration,全球通老客留存数量,NumberofRetainedExistingGoToneCustomers
影响,affects,被影响,isAffectedby,全球通权益客户到期续约数,NumberofRenewedGoToneBenefitCustomersUponExpiration,全球通权益客户到期续约率,RenewalRateofGoToneBenefitCustomersUponExpiration
影响,affects,被影响,isAffectedby,全球通权益客户到期续约率,RenewalRateofGoToneBenefitCustomersUponExpiration,全球通老客留存数量,NumberofRetainedExistingGoToneCustomers
影响,affects,被影响,isAffectedby,全球通终端客户到期续约数,NumberofRenewedGoToneTerminalCustomersUponExpiration,全球通终端客户到期续约率,RenewalRateofGoToneTerminalCustomersUponExpiration
影响,affects,被影响,isAffectedby,全球通终端客户到期续约率,RenewalRateofGoToneTerminalCustomersUponExpiration,全球通老客留存数量,NumberofRetainedExistingGoToneCustomers
影响,affects,被影响,isAffectedby,终端硬合约规模,TerminalHardContractScale,硬合约率,HardContractRate
影响,affects,被影响,isAffectedby,硬合约率,HardContractRate,全球通老客留存数量,NumberofRetainedExistingGoToneCustomers
影响,affects,被影响,isAffectedby,低饱和无硬合约,LowSaturationWithoutHardContracts,全球通低饱和客户占比,ProportionofLowSaturationGoToneCustomers
影响,affects,被影响,isAffectedby,全球通低饱和客户占比,ProportionofLowSaturationGoToneCustomers,低饱和客户群组业务策略数量,NumberofBusinessStrategiesforLowSaturationCustomerGroups
影响,affects,被影响,isAffectedby,大网低饱和客户占比,ProportionofLowSaturationNetworkCustomers,低饱和客户群组业务策略数量,NumberofBusinessStrategiesforLowSaturationCustomerGroups
影响,affects,被影响,isAffectedby,低饱和客户群组业务策略数量,NumberofBusinessStrategiesforLowSaturationCustomerGroups,低饱和客户触达量,LowSaturationCustomerReachVolume
影响,affects,被影响,isAffectedby,低饱和客户触达量,LowSaturationCustomerReachVolume,低饱和归位万能副卡,UniversalSecondaryCardReorientationforLowSaturationCustomers
影响,affects,被影响,isAffectedby,低饱和归位万能副卡,UniversalSecondaryCardReorientationforLowSaturationCustomers,全球通升档规模,GlobalSystemUpgradeScale
影响,affects,被影响,isAffectedby,低饱和归位爱家产品计划,AijiaProductPlanReorientationforLowSaturationCustomers,全球通升档规模,GlobalSystemUpgradeScale
影响,affects,被影响,isAffectedby,硬合约客户规模,ScaleofHardContractCustomers,中高饱和有宽,MediumHighSaturationwithBroadband
影响,affects,被影响,isAffectedby,中高饱和有宽,MediumHighSaturationwithBroadband,全球通宽带潜在客户数,PotentialGlobalSystemBroadbandCustomers
影响,affects,被影响,isAffectedby,中高端客户到达规模,MidtoHighEndCustomerReachScale,全球通总收入,TotalGlobalSystemRevenue
影响,affects,被影响,isAffectedby,中高端客户净增,NetIncreaseinMidtoHighEndCustomers,中高端客户到达规模,MidtoHighEndCustomerReachScale
影响,affects,被影响,isAffectedby,FTTR发展到达规模,FTTRDevelopmentReachScale,全球通宽带潜在客户数,PotentialGlobalSystemBroadbandCustomers
影响,affects,被影响,isAffectedby,FTTR发展净增,NetIncreaseinFTTRDevelopment,FTTR发展到达规模,FTTRDevelopmentReachScale
影响,affects,被影响,isAffectedby,移动高清发展到达规模,MobileHDDevelopmentReachScale,固移融合率,FixedMobileConvergenceRate
影响,affects,被影响,isAffectedby,云电脑发展到达规模,CloudComputerDevelopmentReachScale,全球通融合客户规模,GlobalSystemConvergedCustomerScale
影响,affects,被影响,isAffectedby,APP客户活跃规模,ActiveAPPCustomerScale,APP客户渗透率,APPCustomerPenetrationRate
影响,affects,被影响,isAffectedby,APP客户渗透率,APPCustomerPenetrationRate,全球通客户满意度,GoToneCustomerSatisfaction
影响,affects,被影响,isAffectedby,三大计划参与率,ParticipationRateofThreeMajorPlans,全球通客户满意度,GoToneCustomerSatisfaction
影响,affects,被影响,isAffectedby,全球通升级计划参与客户量,NumberofParticipantsinGoToneUpgradePlan,全球通升级计划参与率,ParticipationRateofGoToneUpgradePlan
影响,affects,被影响,isAffectedby,全球通升级计划参与率,ParticipationRateofGoToneUpgradePlan,三大计划参与率,ParticipationRateofThreeMajorPlans
影响,affects,被影响,isAffectedby,网龄回馈计划参与客户量,NumberofParticipantsinNetworkAgeRewardPlan,网龄回馈计划参与率,ParticipationRateofNetworkAgeRewardPlan
影响,affects,被影响,isAffectedby,网龄回馈计划参与率,ParticipationRateofNetworkAgeRewardPlan,三大计划参与率,ParticipationRateofThreeMajorPlans
影响,affects,被影响,isAffectedby,移动爱家计划参与客户量,NumberofParticipantsinMobileAijiaPlan,移动爱家计划参与率,ParticipationRateofMobileAijiaPlan
影响,affects,被影响,isAffectedby,移动爱家计划参与率,ParticipationRateofMobileAijiaPlan,三大计划参与率,ParticipationRateofThreeMajorPlans
影响,affects,被影响,isAffectedby,全球通携出客户综合挽留数量,NumberofComprehensiveRetentionsforGoTonePortingOutCustomers,全球通携出客户综合挽留率,ComprehensiveRetentionRateforGoTonePortingOutCustomers
影响,affects,被影响,isAffectedby,全球通携出客户综合挽留率,ComprehensiveRetentionRateforGoTonePortingOutCustomers,全球通携出数量,NumberofGoTonePortingOutCases
影响,affects,被影响,isAffectedby,拆机综合挽留成功率,ComprehensiveRetentionSuccessRateforServiceCancellations,全球通拆机规模,GlobalSystemDisconnectionScale
影响,affects,被影响,isAffectedby,全球通携出意向规模,ScaleofGoTonePortingOutIntent,携出风险占比,ProportionofPortingOutRisk
影响,affects,被影响,isAffectedby,全球通携出意向客户占比,ProportionofGoToneCustomerswithPortingOutIntent,全球通携出意向规模,ScaleofGoTonePortingOutIntent
影响,affects,被影响,isAffectedby,携出风险占比,ProportionofPortingOutRisk,全球通携出数量,NumberofGoTonePortingOutCases
影响,affects,被影响,isAffectedby,全球通携出数量,NumberofGoTonePortingOutCases,全球通携出率,GoTonePortingOutRate
影响,affects,被影响,isAffectedby,成员携出规模,MemberPortingOutScale,全球通携出数量,NumberofGoTonePortingOutCases
影响,affects,被影响,isAffectedby,携出处理及时率,TimelinessRateofPortingOutProcessing,全球通携出客户综合挽留数量,NumberofComprehensiveRetentionsforGoTonePortingOutCustomers
影响,affects,被影响,isAffectedby,携出查码工单量,PortingOutCodeInquiryWorkOrderVolume,携出接通率,PortingOutConnectionRate
影响,affects,被影响,isAffectedby,携出接通率,PortingOutConnectionRate,全球通携出客户综合挽留数量,NumberofComprehensiveRetentionsforGoTonePortingOutCustomers
影响,affects,被影响,isAffectedby,全球通携出客户品牌转换量,NumberofBrandConversionsAmongGoTonePortingOutCustomers,全球通携出客户品牌转换占比,ProportionofBrandConversionsAmongGoTonePortingOutCustomers
影响,affects,被影响,isAffectedby,全球通携出客户品牌转换占比,ProportionofBrandConversionsAmongGoTonePortingOutCustomers,全球通携出数量,NumberofGoTonePortingOutCases
影响,affects,被影响,isAffectedby,全球通异网携出占比,ProportionofGoTonePortingOuttoOtherNetworks,全球通携出率,GoTonePortingOutRate
影响,affects,被影响,isAffectedby,全球通电信携出规模,GlobalSystemChinaTelecomPortoutScale,全球通电信携出占比,ProportionofGoTonePortingOuttoChinaTelecom
影响,affects,被影响,isAffectedby,全球通电信携出占比,ProportionofGoTonePortingOuttoChinaTelecom,全球通异网携出占比,ProportionofGoTonePortingOuttoOtherNetworks
影响,affects,被影响,isAffectedby,全球通联通携出规模,GlobalSystemChinaUnicomPortoutScale,全球通联通携出占比,ProportionofGoTonePortingOuttoChinaUnicom
影响,affects,被影响,isAffectedby,全球通联通携出占比,ProportionofGoTonePortingOuttoChinaUnicom,全球通异网携出占比,ProportionofGoTonePortingOuttoOtherNetworks
影响,affects,被影响,isAffectedby,全球通拆机意向客户占比,ProportionofGoToneCustomerswithServiceCancellationIntent,全球通拆机意向规模,ScaleofGoToneServiceCancellationIntent
影响,affects,被影响,isAffectedby,全球通拆机意向规模,ScaleofGoToneServiceCancellationIntent,全球通拆机意向工单数,NumberofWorkOrdersforGoToneServiceCancellationIntent
影响,affects,被影响,isAffectedby,全球通拆机意向工单数,NumberofWorkOrdersforGoToneServiceCancellationIntent,拆机处理及时率,TimelinessRateofServiceCancellationProcessing
影响,affects,被影响,isAffectedby,全球通拆机意向分公司工单数,NumberofWorkOrdersforGoToneServiceCancellationIntentbyBranch,全球通拆机意向工单数,NumberofWorkOrdersforGoToneServiceCancellationIntent
影响,affects,被影响,isAffectedby,全球通拆机率,GoToneServiceCancellationRate,全球通拆机规模,GlobalSystemDisconnectionScale
影响,affects,被影响,isAffectedby,拆机处理及时率,TimelinessRateofServiceCancellationProcessing,拆机综合挽留成功率,ComprehensiveRetentionSuccessRateforServiceCancellations
影响,affects,被影响,isAffectedby,拆机接通率,ServiceCancellationConnectionRate,拆机综合挽留成功率,ComprehensiveRetentionSuccessRateforServiceCancellations
影响,affects,被影响,isAffectedby,全球通离网意向客户占比,ProportionofGoToneCustomerswithChurnIntent,离网风险,DisconnectionRisk
影响,affects,被影响,isAffectedby,全球通离网率,GoToneChurnRate,全球通离网规模,GlobalSystemChurnScale
影响,affects,被影响,isAffectedby,离网风险,DisconnectionRisk,全球通离网规模,GlobalSystemChurnScale
影响,affects,被影响,isAffectedby,全球通携出率,GoTonePortingOutRate,离网风险,DisconnectionRisk
影响,affects,被影响,isAffectedby,宽带客户规模,BroadbandCustomerScale,宽带客户收入,BroadbandCustomerRevenue
影响,affects,被影响,isAffectedby,老客规模,ExistingCustomerScale,老客收入,ExistingCustomerRevenue
影响,affects,被影响,isAffectedby,权益客户规模,PrivilegeCustomerScale,权益客户收入,PrivilegeCustomerRevenue
影响,affects,被影响,isAffectedby,融合客户规模,ConvergedCustomerScale,融合客户收入,ConvergedCustomerRevenue
影响,affects,被影响,isAffectedby,总客户规模,TotalCustomerScale,总收入规模,TotalRevenueScale
影响,affects,被影响,isAffectedby,终端客户规模,TerminalCustomerScale,终端客户收入,TerminalCustomerRevenue
影响,affects,被影响,isAffectedby,异网侵扰量,CompetitorInvasionVolume,携出量,PortoutVolume
影响,affects,被影响,isAffectedby,升档客户规模,UpgradedCustomerScale,总客户规模,TotalCustomerScale
影响,affects,被影响,isAffectedby,降档客户规模,DowngradedCustomerScale,总客户规模,TotalCustomerScale
影响,affects,被影响,isAffectedby,离网量,ChurnVolume,总客户规模,TotalCustomerScale
影响,affects,被影响,isAffectedby,拆机量,DisconnectionVolume,总客户规模,TotalCustomerScale
影响,affects,被影响,isAffectedby,携出量,PortoutVolume,总客户规模,TotalCustomerScale
影响,affects,被影响,isAffectedby,客户行为,CustomerBehavior,客户规模,CustomerScale
影响,affects,被影响,isAffectedby,客户行为,CustomerBehavior,流失与拆机,ChurnandDisconnection
影响,affects,被影响,isAffectedby,流失与拆机,ChurnandDisconnection,客户规模,CustomerScale
影响,affects,被影响,isAffectedby,客户规模,CustomerScale,收入影响,RevenueImpact
影响,affects,被影响,isAffectedby,收入影响,RevenueImpact,客户维系,CustomerRetention
影响,affects,被影响,isAffectedby,客户维系,CustomerRetention,客户规模,CustomerScale
影响,affects,被影响,isAffectedby,新客规模,NewCustomerScale,总客户规模,TotalCustomerScale
影响,affects,被影响,isAffectedby,潜客规模,PotentialCustomerScale,新客规模,NewCustomerScale
影响,affects,被影响,isAffectedby,偏好客户,PreferenceCustomers,客户使用,CustomerUsage
影响,affects,被影响,isAffectedby,老客留存规模,ExistingCustomerRetentionScale,老客留存收入,ExistingCustomerRetentionRevenue
影响,affects,被影响,isAffectedby,老客流失规模,ExistingCustomerChurnScale,老客流失收入,ExistingCustomerChurnRevenue
影响,affects,被影响,isAffectedby,总收入规模,TotalRevenueScale,老客留存策略,ExistingCustomerRetentionStrategy
影响,affects,被影响,isAffectedby,老客收入,ExistingCustomerRevenue,总收入规模,TotalRevenueScale
影响,affects,被影响,isAffectedby,宽带客户收入,BroadbandCustomerRevenue,总收入规模,TotalRevenueScale
影响,affects,被影响,isAffectedby,权益客户收入,PrivilegeCustomerRevenue,总收入规模,TotalRevenueScale
影响,affects,被影响,isAffectedby,融合客户收入,ConvergedCustomerRevenue,总收入规模,TotalRevenueScale
影响,affects,被影响,isAffectedby,终端客户收入,TerminalCustomerRevenue,总收入规模,TotalRevenueScale
影响,affects,被影响,isAffectedby,升档客户收入,UpgradedCustomerRevenue,老客收入,ExistingCustomerRevenue
影响,affects,被影响,isAffectedby,降档客户收入,DowngradedCustomerRevenue,老客收入,ExistingCustomerRevenue
影响,affects,被影响,isAffectedby,老客留存收入,ExistingCustomerRetentionRevenue,老客收入,ExistingCustomerRevenue
影响,affects,被影响,isAffectedby,老客流失收入,ExistingCustomerChurnRevenue,老客收入,ExistingCustomerRevenue
影响,affects,被影响,isAffectedby,客户使用收入,CustomerUsageRevenue,总收入规模,TotalRevenueScale
影响,affects,被影响,isAffectedby,携出金额,PortingOutAmount,总收入规模,TotalRevenueScale
影响,affects,被影响,isAffectedby,拆机收入影响,RevenueImpactofServiceCancellation,总收入规模,TotalRevenueScale
影响,affects,被影响,isAffectedby,离网收入影响,RevenueImpactofChurn,总收入规模,TotalRevenueScale
影响,affects,被影响,isAffectedby,客户使用,CustomerUsage,客户体验,CustomerExperience
影响,affects,被影响,isAffectedby,客户体验,CustomerExperience,流失风险,ChurnRisk
影响,affects,被影响,isAffectedby,流失风险,ChurnRisk,离网量,ChurnVolume
影响,affects,被影响,isAffectedby,到期续约,RenewalUponExpiration,老客留存规模,ExistingCustomerRetentionScale
影响,affects,被影响,isAffectedby,老客留存策略,ExistingCustomerRetentionStrategy,老客留存规模,ExistingCustomerRetentionScale
影响,affects,被影响,isAffectedby,升档策略规模,UpgradingStrategyScale,升档客户规模,UpgradedCustomerScale
影响,affects,被影响,isAffectedby,挽回量,RecoveryVolume,离网量,ChurnVolume
影响,affects,被影响,isAffectedby,电信携出,ChinaTelecomPortout,携出量,PortoutVolume
影响,affects,被影响,isAffectedby,联通携出,ChinaUnicomPortout,携出量,PortoutVolume
构成,constitutes,拆分,splitsinto,全球通新客数量,NewGlobalSystemCustomerCount,全球通总客户数量,TotalGlobalSystemCustomerCount
构成,constitutes,拆分,splitsinto,全球通老客数量,ExistingGlobalSystemCustomerCount,全球通总客户数量,TotalGlobalSystemCustomerCount
构成,constitutes,拆分,splitsinto,全球通客户宽带客户数,NumberofGlobalSystemBroadbandCustomers,全球通总客户数量,TotalGlobalSystemCustomerCount
构成,constitutes,拆分,splitsinto,全球通客户权益客户数,NumberofGlobalSystemPrivilegeCustomers,全球通总客户数量,TotalGlobalSystemCustomerCount
构成,constitutes,拆分,splitsinto,全球通客户终端客户数,NumberofGlobalSystemTerminalCustomers,全球通总客户数量,TotalGlobalSystemCustomerCount
构成,constitutes,拆分,splitsinto,全球通融合客户规模,GlobalSystemConvergedCustomerScale,全球通总客户数量,TotalGlobalSystemCustomerCount
构成,constitutes,拆分,splitsinto,全球通联通异网侵扰量,GlobalSystemChinaUnicomInvasionVolume,全球通异网侵扰量,GlobalSystemCompetitorInvasionVolume
构成,constitutes,拆分,splitsinto,全球通电信异网侵扰量,GlobalSystemChinaTelecomInvasionVolume,全球通异网侵扰量,GlobalSystemCompetitorInvasionVolume
构成,constitutes,拆分,splitsinto,全球通联通携出规模,GlobalSystemChinaUnicomPortoutScale,全球通异网携出规模,GlobalSystemCrossnetworkPortoutScale
构成,constitutes,拆分,splitsinto,全球通电信携出规模,GlobalSystemChinaTelecomPortoutScale,全球通异网携出规模,GlobalSystemCrossnetworkPortoutScale
构成,constitutes,拆分,splitsinto,全球通异网携出规模,GlobalSystemCrossnetworkPortoutScale,全球通老客流失数量,ExistingGlobalSystemCustomerChurnCount
构成,constitutes,拆分,splitsinto,全球通拆机规模,GlobalSystemDisconnectionScale,全球通老客流失数量,ExistingGlobalSystemCustomerChurnCount
构成,constitutes,拆分,splitsinto,全球通离网规模,GlobalSystemChurnScale,全球通老客流失数量,ExistingGlobalSystemCustomerChurnCount
构成,constitutes,拆分,splitsinto,宽带客户规模,BroadbandCustomerScale,总客户规模,TotalCustomerScale
构成,constitutes,拆分,splitsinto,权益客户规模,PrivilegeCustomerScale,总客户规模,TotalCustomerScale
构成,constitutes,拆分,splitsinto,融合客户规模,ConvergedCustomerScale,总客户规模,TotalCustomerScale
构成,constitutes,拆分,splitsinto,终端客户规模,TerminalCustomerScale,总客户规模,TotalCustomerScale
构成,constitutes,拆分,splitsinto,宽带客户收入,BroadbandCustomerRevenue,总收入规模,TotalRevenueScale
构成,constitutes,拆分,splitsinto,权益客户收入,PrivilegeCustomerRevenue,总收入规模,TotalRevenueScale
构成,constitutes,拆分,splitsinto,融合客户收入,ConvergedCustomerRevenue,总收入规模,TotalRevenueScale
构成,constitutes,拆分,splitsinto,终端客户收入,TerminalCustomerRevenue,总收入规模,TotalRevenueScale
构成,constitutes,拆分,splitsinto,老客规模,ExistingCustomerScale,总客户规模,TotalCustomerScale
构成,constitutes,拆分,splitsinto,新客规模,NewCustomerScale,总客户规模,TotalCustomerScale
构成,constitutes,拆分,splitsinto,电信携出,ChinaTelecomPortout,携出量,PortoutVolume
构成,constitutes,拆分,splitsinto,联通携出,ChinaUnicomPortout,携出量,PortoutVolume
构成,constitutes,拆分,splitsinto,拆机量,DisconnectionVolume,老客流失规模,ExistingCustomerChurnScale
构成,constitutes,拆分,splitsinto,离网量,ChurnVolume,老客流失规模,ExistingCustomerChurnScale
构成,constitutes,拆分,splitsinto,携出量,PortoutVolume,老客流失规模,ExistingCustomerChurnScale
构成,constitutes,拆分,splitsinto,挽回量,RecoveryVolume,流失风险,ChurnRisk
构成,constitutes,拆分,splitsinto,携出量,PortoutVolume,流失风险,ChurnRisk
构成,constitutes,拆分,splitsinto,拆机量,DisconnectionVolume,流失风险,ChurnRisk
构成,constitutes,拆分,splitsinto,离网量,ChurnVolume,流失风险,ChurnRisk
构成,constitutes,拆分,splitsinto,拆机收入影响,RevenueImpactofServiceCancellation,老客流失收入,ExistingCustomerChurnRevenue
构成,constitutes,拆分,splitsinto,离网收入影响,RevenueImpactofChurn,老客流失收入,ExistingCustomerChurnRevenue
构成,constitutes,拆分,splitsinto,全球通宽带客户收入占比,RevenueContributionRateofGlobalSystemBroadbandCustomers,全球通总收入占比,ProportionofTotalGoToneRevenue
构成,constitutes,拆分,splitsinto,全球通权益客户收入占比,RevenueContributionRateofGlobalSystemPrivilegeCustomers,全球通总收入占比,ProportionofTotalGoToneRevenue
构成,constitutes,拆分,splitsinto,全球通融合客户收入占比,RevenueContributionRateofGlobalSystemConvergedCustomers,全球通总收入占比,ProportionofTotalGoToneRevenue
构成,constitutes,拆分,splitsinto,全球通终端客户收入占比,RevenueContributionRateofGlobalSystemTerminalCustomers,全球通总收入占比,ProportionofTotalGoToneRevenue
构成,constitutes,拆分,splitsinto,全球通老客户收入占比,RevenueContributionRateofExistingGlobalSystemCustomers,全球通总收入占比,ProportionofTotalGoToneRevenue
构成,constitutes,拆分,splitsinto,全球通携出数量,NumberofGoTonePortingOutCases,全球通老客流失数量,ExistingGlobalSystemCustomerChurnCount
构成,constitutes,拆分,splitsinto,全球通离网规模,GlobalSystemChurnScale,全球通老客流失数量,ExistingGlobalSystemCustomerChurnCount
构成,constitutes,拆分,splitsinto,全球通拆机规模,GlobalSystemDisconnectionScale,全球通老客流失数量,ExistingGlobalSystemCustomerChurnCount
构成,constitutes,拆分,splitsinto,全球通降档规模,GlobalSystemDowngradeScale,全球通老客流失数量,ExistingGlobalSystemCustomerChurnCount
构成,constitutes,拆分,splitsinto,全球通升级计划参与率,ParticipationRateofGoToneUpgradePlan,三大计划参与率,ParticipationRateofThreeMajorPlans
构成,constitutes,拆分,splitsinto,网龄回馈计划参与率,ParticipationRateofNetworkAgeRewardPlan,三大计划参与率,ParticipationRateofThreeMajorPlans
构成,constitutes,拆分,splitsinto,移动爱家计划参与率,ParticipationRateofMobileAijiaPlan,三大计划参与率,ParticipationRateofThreeMajorPlans
构成,constitutes,拆分,splitsinto,宠物类需求客户,CustomerswithDemandforPetRelatedProducts,智家硬件偏好需求客户,CustomerswithPreferenceforSmartHomeHardware
构成,constitutes,拆分,splitsinto,云电脑偏好客户,CustomerswithPreferenceforCloudComputers,智家硬件偏好需求客户,CustomerswithPreferenceforSmartHomeHardware
构成,constitutes,拆分,splitsinto,安防偏好客户,CustomerswithPreferenceforSecurityProducts,智家硬件偏好需求客户,CustomerswithPreferenceforSmartHomeHardware
构成,constitutes,拆分,splitsinto,网络优化偏好客户,CustomerswithPreferenceforNetworkOptimization,智家硬件偏好需求客户,CustomerswithPreferenceforSmartHomeHardware
构成,constitutes,拆分,splitsinto,门锁类偏好客户,CustomerswithPreferenceforDoorLockProducts,智家硬件偏好需求客户,CustomerswithPreferenceforSmartHomeHardware
构成,constitutes,拆分,splitsinto,康养类偏好客户,CustomerswithPreferenceforHealthCareProducts,智家硬件偏好需求客户,CustomerswithPreferenceforSmartHomeHardware
构成,constitutes,拆分,splitsinto,视频偏好客户,CustomerswithPreferenceforVideoServices,高价值权益潜在需求客户,CustomerswithPotentialDemandforHighValueBenefits
构成,constitutes,拆分,splitsinto,音乐偏好客户,CustomerswithPreferenceforMusicServices,高价值权益潜在需求客户,CustomerswithPotentialDemandforHighValueBenefits
构成,constitutes,拆分,splitsinto,餐饮美食偏好客户,CustomerswithPreferenceforCateringandFood,高价值权益潜在需求客户,CustomerswithPotentialDemandforHighValueBenefits
构成,constitutes,拆分,splitsinto,购物商超偏好客户,CustomerswithPreferenceforShoppingMallsandSupermarkets,高价值权益潜在需求客户,CustomerswithPotentialDemandforHighValueBenefits
构成,constitutes,拆分,splitsinto,出行偏好客户,CustomerswithPreferenceforTravelServices,高价值权益潜在需求客户,CustomerswithPotentialDemandforHighValueBenefits
构成,constitutes,拆分,splitsinto,新号无宽带客户规模量,ScaleofNewNumberCustomersWithoutBroadband,全球通宽带潜在客户数,PotentialGlobalSystemBroadbandCustomers
构成,constitutes,拆分,splitsinto,存号无宽客户规模量,ScaleofRetainedNumberCustomersWithoutBroadband,全球通宽带潜在客户数,PotentialGlobalSystemBroadbandCustomers
构成,constitutes,拆分,splitsinto,存宽迁移客户规模量,ScaleofExistingBroadbandMigrationCustomers,全球通宽带潜在客户数,PotentialGlobalSystemBroadbandCustomers
构成,constitutes,拆分,splitsinto,十年以上网龄客户,CustomerswithMoreThan10YearsofNetworkAge,终端换机潜在需求客户,CustomerswithPotentialDemandforTerminalReplacement
构成,constitutes,拆分,splitsinto,两年以上未换机客户,CustomersWhoHaveNotReplacedTerminalsforMoreThan2Years,终端换机潜在需求客户,CustomerswithPotentialDemandforTerminalReplacement
构成,constitutes,拆分,splitsinto,终端可营销客户,MarketableTerminalCustomers,终端换机潜在需求客户,CustomerswithPotentialDemandforTerminalReplacement
构成,constitutes,拆分,splitsinto,高价值权益潜在需求客户,CustomerswithPotentialDemandforHighValueBenefits,全球通权益潜在客户数,PotentialGlobalSystemPrivilegeCustomers
构成,constitutes,拆分,splitsinto,权益未活跃客户,InactiveBenefitCustomers,全球通权益潜在客户数,PotentialGlobalSystemPrivilegeCustomers
