本体对象中文名称,本体对象英文名称,主键(必填),标题(必填),属性1中文名称,属性1英文名称,属性2中文名称,属性2英文名称,属性3中文名称,属性3英文名称
客户规模,CustomerScale,Object_Major_Category,Object_Major_Category,对象大类,Object_Major_Category,,,,
收入影响,RevenueImpact,Object_Major_Category,Object_Major_Category,对象大类,Object_Major_Category,,,,
客户行为,CustomerBehavior,Object_Major_Category,Object_Major_Category,对象大类,Object_Major_Category,,,,
客户维系,CustomerRetention,Object_Major_Category,Object_Major_Category,对象大类,Object_Major_Category,,,,
流失与拆机,ChurnandDisconnection,Object_Major_Category,Object_Major_Category,对象大类,Object_Major_Category,,,,
总客户规模,TotalCustomerScale,Object_Middle_Category,Object_Middle_Category,对象中类,Object_Middle_Category,,,,
新客规模,NewCustomerScale,Object_Middle_Category,Object_Middle_Category,对象中类,Object_Middle_Category,,,,
老客规模,ExistingCustomerScale,Object_Middle_Category,Object_Middle_Category,对象中类,Object_Middle_Category,,,,
潜客规模,PotentialCustomerScale,Object_Middle_Category,Object_Middle_Category,对象中类,Object_Middle_Category,,,,
宽带客户规模,BroadbandCustomerScale,Object_Middle_Category,Object_Middle_Category,对象中类,Object_Middle_Category,,,,
权益客户规模,PrivilegeCustomerScale,Object_Middle_Category,Object_Middle_Category,对象中类,Object_Middle_Category,,,,
融合客户规模,ConvergedCustomerScale,Object_Middle_Category,Object_Middle_Category,对象中类,Object_Middle_Category,,,,
终端客户规模,TerminalCustomerScale,Object_Middle_Category,Object_Middle_Category,对象中类,Object_Middle_Category,,,,
偏好客户,PreferenceCustomers,Object_Middle_Category,Object_Middle_Category,对象中类,Object_Middle_Category,,,,
升档客户规模,UpgradedCustomerScale,Object_Middle_Category,Object_Middle_Category,对象中类,Object_Middle_Category,,,,
降档客户规模,DowngradedCustomerScale,Object_Middle_Category,Object_Middle_Category,对象中类,Object_Middle_Category,,,,
老客留存规模,ExistingCustomerRetentionScale,Object_Middle_Category,Object_Middle_Category,对象中类,Object_Middle_Category,,,,
老客流失规模,ExistingCustomerChurnScale,Object_Middle_Category,Object_Middle_Category,对象中类,Object_Middle_Category,,,,
总收入规模,TotalRevenueScale,Object_Middle_Category,Object_Middle_Category,对象中类,Object_Middle_Category,,,,
老客收入,ExistingCustomerRevenue,Object_Middle_Category,Object_Middle_Category,对象中类,Object_Middle_Category,,,,
宽带客户收入,BroadbandCustomerRevenue,Object_Middle_Category,Object_Middle_Category,对象中类,Object_Middle_Category,,,,
权益客户收入,PrivilegeCustomerRevenue,Object_Middle_Category,Object_Middle_Category,对象中类,Object_Middle_Category,,,,
融合客户收入,ConvergedCustomerRevenue,Object_Middle_Category,Object_Middle_Category,对象中类,Object_Middle_Category,,,,
终端客户收入,TerminalCustomerRevenue,Object_Middle_Category,Object_Middle_Category,对象中类,Object_Middle_Category,,,,
升档客户收入,UpgradedCustomerRevenue,Object_Middle_Category,Object_Middle_Category,对象中类,Object_Middle_Category,,,,
降档客户收入,DowngradedCustomerRevenue,Object_Middle_Category,Object_Middle_Category,对象中类,Object_Middle_Category,,,,
老客留存收入,ExistingCustomerRetentionRevenue,Object_Middle_Category,Object_Middle_Category,对象中类,Object_Middle_Category,,,,
老客流失收入,ExistingCustomerChurnRevenue,Object_Middle_Category,Object_Middle_Category,对象中类,Object_Middle_Category,,,,
客户使用收入,CustomerUsageRevenue,Object_Middle_Category,Object_Middle_Category,对象中类,Object_Middle_Category,,,,
携出金额,PortingOutAmount,Object_Middle_Category,Object_Middle_Category,对象中类,Object_Middle_Category,,,,
拆机收入影响,RevenueImpactofServiceCancellation,Object_Middle_Category,Object_Middle_Category,对象中类,Object_Middle_Category,,,,
离网收入影响,RevenueImpactofChurn,Object_Middle_Category,Object_Middle_Category,对象中类,Object_Middle_Category,,,,
客户使用,CustomerUsage,Object_Middle_Category,Object_Middle_Category,对象中类,Object_Middle_Category,,,,
客户体验,CustomerExperience,Object_Middle_Category,Object_Middle_Category,对象中类,Object_Middle_Category,,,,
流失风险,ChurnRisk,Object_Middle_Category,Object_Middle_Category,对象中类,Object_Middle_Category,,,,
异网侵扰量,CompetitorInvasionVolume,Object_Middle_Category,Object_Middle_Category,对象中类,Object_Middle_Category,,,,
到期续约,RenewalUponExpiration,Object_Middle_Category,Object_Middle_Category,对象中类,Object_Middle_Category,,,,
老客留存策略,ExistingCustomerRetentionStrategy,Object_Middle_Category,Object_Middle_Category,对象中类,Object_Middle_Category,,,,
升档策略规模,UpgradingStrategyScale,Object_Middle_Category,Object_Middle_Category,对象中类,Object_Middle_Category,,,,
挽回量,RecoveryVolume,Object_Middle_Category,Object_Middle_Category,对象中类,Object_Middle_Category,,,,
携出量,PortoutVolume,Object_Middle_Category,Object_Middle_Category,对象中类,Object_Middle_Category,,,,
电信携出,ChinaTelecomPortout,Object_Middle_Category,Object_Middle_Category,对象中类,Object_Middle_Category,,,,
联通携出,ChinaUnicomPortout,Object_Middle_Category,Object_Middle_Category,对象中类,Object_Middle_Category,,,,
拆机量,DisconnectionVolume,Object_Middle_Category,Object_Middle_Category,对象中类,Object_Middle_Category,,,,
离网量,ChurnVolume,Object_Middle_Category,Object_Middle_Category,对象中类,Object_Middle_Category,,,,
总客户量,TotalCustomerVolume,Indicator_Name,Indicator_Name,指标名称,Indicator_Name,时间,Time,区域,Region
全球通规模保有率,GlobalSystemRetentionRate,Indicator_Name,Indicator_Name,指标名称,Indicator_Name,时间,Time,区域,Region
总客户影响,TotalCustomerImpact,Indicator_Name,Indicator_Name,指标名称,Indicator_Name,时间,Time,区域,Region
全球通总客户数量,TotalGlobalSystemCustomerCount,Indicator_Name,Indicator_Name,指标名称,Indicator_Name,时间,Time,区域,Region
全球通总客户占比,ProportionofTotalGoToneCustomers,Indicator_Name,Indicator_Name,指标名称,Indicator_Name,时间,Time,区域,Region
全球通客户流量使用总量,TotalDataUsageofGoToneCustomers,Indicator_Name,Indicator_Name,指标名称,Indicator_Name,时间,Time,区域,Region
全球通新客数量,NewGlobalSystemCustomerCount,Indicator_Name,Indicator_Name,指标名称,Indicator_Name,时间,Time,区域,Region
全球通新客占比,ProportionofNewGoToneCustomers,Indicator_Name,Indicator_Name,指标名称,Indicator_Name,时间,Time,区域,Region
开新降/销/拆旧,NewActivationDowngradeCancellationDisconnectionofOldServices,Indicator_Name,Indicator_Name,指标名称,Indicator_Name,时间,Time,区域,Region
全球通老客数量,ExistingGlobalSystemCustomerCount,Indicator_Name,Indicator_Name,指标名称,Indicator_Name,时间,Time,区域,Region
全球通老客占比,ProportionofExistingGoToneCustomers,Indicator_Name,Indicator_Name,指标名称,Indicator_Name,时间,Time,区域,Region
出账客户到达规模,BillingCustomerReachScale,Indicator_Name,Indicator_Name,指标名称,Indicator_Name,时间,Time,区域,Region
出账客户净增,NetIncreaseinBillingCustomers,Indicator_Name,Indicator_Name,指标名称,Indicator_Name,时间,Time,区域,Region
全球通宽带潜在客户数,PotentialGlobalSystemBroadbandCustomers,Indicator_Name,Indicator_Name,指标名称,Indicator_Name,时间,Time,区域,Region
全球通宽带潜在客户占比,ProportionofPotentialGoToneBroadbandCustomers,Indicator_Name,Indicator_Name,指标名称,Indicator_Name,时间,Time,区域,Region
新号无宽带客户规模量,ScaleofNewNumberCustomersWithoutBroadband,Indicator_Name,Indicator_Name,指标名称,Indicator_Name,时间,Time,区域,Region
中高饱和无宽带,MediumHighSaturationWithoutBroadband,Indicator_Name,Indicator_Name,指标名称,Indicator_Name,时间,Time,区域,Region
全球通权益潜在客户数,PotentialGlobalSystemPrivilegeCustomers,Indicator_Name,Indicator_Name,指标名称,Indicator_Name,时间,Time,区域,Region
全球通权益潜在客户占比,ProportionofPotentialGoToneBenefitCustomers,Indicator_Name,Indicator_Name,指标名称,Indicator_Name,时间,Time,区域,Region
低饱和无权益,LowSaturationWithoutBenefits,Indicator_Name,Indicator_Name,指标名称,Indicator_Name,时间,Time,区域,Region
全球通终端潜在客户数,PotentialGlobalSystemTerminalCustomers,Indicator_Name,Indicator_Name,指标名称,Indicator_Name,时间,Time,区域,Region
全球通终端潜在客户占比,ProportionofPotentialGoToneTerminalCustomers,Indicator_Name,Indicator_Name,指标名称,Indicator_Name,时间,Time,区域,Region
存号无宽客户规模量,ScaleofRetainedNumberCustomersWithoutBroadband,Indicator_Name,Indicator_Name,指标名称,Indicator_Name,时间,Time,区域,Region
终端换机潜在需求客户,CustomerswithPotentialDemandforTerminalReplacement,Indicator_Name,Indicator_Name,指标名称,Indicator_Name,时间,Time,区域,Region
十年以上网龄客户,CustomerswithMoreThan10YearsofNetworkAge,Indicator_Name,Indicator_Name,指标名称,Indicator_Name,时间,Time,区域,Region
两年以上未换机客户,CustomersWhoHaveNotReplacedTerminalsforMoreThan2Years,Indicator_Name,Indicator_Name,指标名称,Indicator_Name,时间,Time,区域,Region
终端可营销客户,MarketableTerminalCustomers,Indicator_Name,Indicator_Name,指标名称,Indicator_Name,时间,Time,区域,Region
智家硬件偏好需求客户,CustomerswithPreferenceforSmartHomeHardware,Indicator_Name,Indicator_Name,指标名称,Indicator_Name,时间,Time,区域,Region
云电脑偏好客户,CustomerswithPreferenceforCloudComputers,Indicator_Name,Indicator_Name,指标名称,Indicator_Name,时间,Time,区域,Region
安防偏好客户,CustomerswithPreferenceforSecurityProducts,Indicator_Name,Indicator_Name,指标名称,Indicator_Name,时间,Time,区域,Region
网络优化偏好客户,CustomerswithPreferenceforNetworkOptimization,Indicator_Name,Indicator_Name,指标名称,Indicator_Name,时间,Time,区域,Region
门锁类偏好客户,CustomerswithPreferenceforDoorLockProducts,Indicator_Name,Indicator_Name,指标名称,Indicator_Name,时间,Time,区域,Region
康养类偏好客户,CustomerswithPreferenceforHealthCareProducts,Indicator_Name,Indicator_Name,指标名称,Indicator_Name,时间,Time,区域,Region
宠物类需求客户,CustomerswithDemandforPetRelatedProducts,Indicator_Name,Indicator_Name,指标名称,Indicator_Name,时间,Time,区域,Region
热线商机甩单工单数量,NumberofHotlineBusinessOpportunityTransferWorkOrders,Indicator_Name,Indicator_Name,指标名称,Indicator_Name,时间,Time,区域,Region
热线商机甩单处理率,ProcessingRateofHotlineBusinessOpportunityTransfers,Indicator_Name,Indicator_Name,指标名称,Indicator_Name,时间,Time,区域,Region
意图商机识别工单数量,NumberofIntentionalBusinessOpportunityIdentificationWorkOrders,Indicator_Name,Indicator_Name,指标名称,Indicator_Name,时间,Time,区域,Region
意图商机识别处理率,ProcessingRateofIntentionalBusinessOpportunityIdentification,Indicator_Name,Indicator_Name,指标名称,Indicator_Name,时间,Time,区域,Region
宽带质量差移机无覆盖等,PoorBroadbandQualityandRelocationWithoutCoverage,Indicator_Name,Indicator_Name,指标名称,Indicator_Name,时间,Time,区域,Region
宽带类策略数量,NumberofBroadbandRelatedStrategies,Indicator_Name,Indicator_Name,指标名称,Indicator_Name,时间,Time,区域,Region
宽带类触达量,BroadbandRelatedReachVolume,Indicator_Name,Indicator_Name,指标名称,Indicator_Name,时间,Time,区域,Region
宽带新增,NewBroadbandSubscriptions,Indicator_Name,Indicator_Name,指标名称,Indicator_Name,时间,Time,区域,Region
云宽带,CloudBroadband,Indicator_Name,Indicator_Name,指标名称,Indicator_Name,时间,Time,区域,Region
全球通宽带渗透率,GoToneBroadbandPenetrationRate,Indicator_Name,Indicator_Name,指标名称,Indicator_Name,时间,Time,区域,Region
固移融合率,FixedMobileConvergenceRate,Indicator_Name,Indicator_Name,指标名称,Indicator_Name,时间,Time,区域,Region
存宽迁移客户规模量,ScaleofExistingBroadbandMigrationCustomers,Indicator_Name,Indicator_Name,指标名称,Indicator_Name,时间,Time,区域,Region
云宽迁移,CloudBroadbandMigration,Indicator_Name,Indicator_Name,指标名称,Indicator_Name,时间,Time,区域,Region
全球通客户宽带客户数,NumberofGlobalSystemBroadbandCustomers,Indicator_Name,Indicator_Name,指标名称,Indicator_Name,时间,Time,区域,Region
高价值权益发展,DevelopmentofHighValueBenefits,Indicator_Name,Indicator_Name,指标名称,Indicator_Name,时间,Time,区域,Region
高价值权益潜在需求客户,CustomerswithPotentialDemandforHighValueBenefits,Indicator_Name,Indicator_Name,指标名称,Indicator_Name,时间,Time,区域,Region
99PLUS规模,99PLUSPlanScale,Indicator_Name,Indicator_Name,指标名称,Indicator_Name,时间,Time,区域,Region
全球通客户权益融合率,GoToneCustomerBenefitConvergenceRate,Indicator_Name,Indicator_Name,指标名称,Indicator_Name,时间,Time,区域,Region
权益渗透率,BenefitPenetrationRate,Indicator_Name,Indicator_Name,指标名称,Indicator_Name,时间,Time,区域,Region
权益渗透客户规模,ScaleofBenefitPenetratedCustomers,Indicator_Name,Indicator_Name,指标名称,Indicator_Name,时间,Time,区域,Region
全球通权益活跃度,GoToneBenefitActivityRate,Indicator_Name,Indicator_Name,指标名称,Indicator_Name,时间,Time,区域,Region
权益活跃客户规模,ScaleofActiveBenefitCustomers,Indicator_Name,Indicator_Name,指标名称,Indicator_Name,时间,Time,区域,Region
权益类策略数量,NumberofBenefitRelatedStrategies,Indicator_Name,Indicator_Name,指标名称,Indicator_Name,时间,Time,区域,Region
权益类触达量,BenefitRelatedReachVolume,Indicator_Name,Indicator_Name,指标名称,Indicator_Name,时间,Time,区域,Region
全球通客户权益客户数,NumberofGlobalSystemPrivilegeCustomers,Indicator_Name,Indicator_Name,指标名称,Indicator_Name,时间,Time,区域,Region
全球通融合客户规模,GlobalSystemConvergedCustomerScale,Indicator_Name,Indicator_Name,指标名称,Indicator_Name,时间,Time,区域,Region
全球通融合客户占比,ProportionofGoToneConvergedCustomers,Indicator_Name,Indicator_Name,指标名称,Indicator_Name,时间,Time,区域,Region
全球通客户宽带客户融合率,GoToneCustomerBroadbandCustomerConvergenceRate,Indicator_Name,Indicator_Name,指标名称,Indicator_Name,时间,Time,区域,Region
有效融合率,EffectiveConvergenceRate,Indicator_Name,Indicator_Name,指标名称,Indicator_Name,时间,Time,区域,Region
全球通客户宽移融合率,GoToneCustomerBroadbandMobileConvergenceRate,Indicator_Name,Indicator_Name,指标名称,Indicator_Name,时间,Time,区域,Region
固移融合资费侵扰,FixedMobileConvergenceTariffIntrusion,Indicator_Name,Indicator_Name,指标名称,Indicator_Name,时间,Time,区域,Region
全球通客户终端客户数,NumberofGlobalSystemTerminalCustomers,Indicator_Name,Indicator_Name,指标名称,Indicator_Name,时间,Time,区域,Region
全球通客户终端客户融合率,GoToneCustomerTerminalCustomerConvergenceRate,Indicator_Name,Indicator_Name,指标名称,Indicator_Name,时间,Time,区域,Region
终端硬件类策略数量,NumberofTerminalHardwareRelatedStrategies,Indicator_Name,Indicator_Name,指标名称,Indicator_Name,时间,Time,区域,Region
终端硬件类触达量,TerminalHardwareRelatedReachVolume,Indicator_Name,Indicator_Name,指标名称,Indicator_Name,时间,Time,区域,Region
终端硬件融合率,TerminalHardwareConvergenceRate,Indicator_Name,Indicator_Name,指标名称,Indicator_Name,时间,Time,区域,Region
视频偏好客户,CustomerswithPreferenceforVideoServices,Indicator_Name,Indicator_Name,指标名称,Indicator_Name,时间,Time,区域,Region
音乐偏好客户,CustomerswithPreferenceforMusicServices,Indicator_Name,Indicator_Name,指标名称,Indicator_Name,时间,Time,区域,Region
餐饮美食偏好客户,CustomerswithPreferenceforCateringandFood,Indicator_Name,Indicator_Name,指标名称,Indicator_Name,时间,Time,区域,Region
购物商超偏好客户,CustomerswithPreferenceforShoppingMallsandSupermarkets,Indicator_Name,Indicator_Name,指标名称,Indicator_Name,时间,Time,区域,Region
出行偏好客户,CustomerswithPreferenceforTravelServices,Indicator_Name,Indicator_Name,指标名称,Indicator_Name,时间,Time,区域,Region
权益未活跃客户,InactiveBenefitCustomers,Indicator_Name,Indicator_Name,指标名称,Indicator_Name,时间,Time,区域,Region
全球通升档规模,GlobalSystemUpgradeScale,Indicator_Name,Indicator_Name,指标名称,Indicator_Name,时间,Time,区域,Region
全球通升档率,GoToneUpgradingRate,Indicator_Name,Indicator_Name,指标名称,Indicator_Name,时间,Time,区域,Region
全球通降档规模,GlobalSystemDowngradeScale,Indicator_Name,Indicator_Name,指标名称,Indicator_Name,时间,Time,区域,Region
全球通降档率,GoToneDowngradingRate,Indicator_Name,Indicator_Name,指标名称,Indicator_Name,时间,Time,区域,Region
全球通降档总数量,TotalNumberofGoToneDowngrades,Indicator_Name,Indicator_Name,指标名称,Indicator_Name,时间,Time,区域,Region
全球通总降档率,TotalGoToneDowngradingRate,Indicator_Name,Indicator_Name,指标名称,Indicator_Name,时间,Time,区域,Region
全球通降档一降到底数量,NumberofGoToneFullDowngradeCases,Indicator_Name,Indicator_Name,指标名称,Indicator_Name,时间,Time,区域,Region
全球通降档一降到底降档率,GoToneFullDowngradeRate,Indicator_Name,Indicator_Name,指标名称,Indicator_Name,时间,Time,区域,Region
升降档比,UpgradingDowngradingRatio,Indicator_Name,Indicator_Name,指标名称,Indicator_Name,时间,Time,区域,Region
降档意向客户,CustomerswithDowngradeIntent,Indicator_Name,Indicator_Name,指标名称,Indicator_Name,时间,Time,区域,Region
降档风险,DowngradeRisk,Indicator_Name,Indicator_Name,指标名称,Indicator_Name,时间,Time,区域,Region
降档损收,RevenueLossfromDowngrades,Indicator_Name,Indicator_Name,指标名称,Indicator_Name,时间,Time,区域,Region
全球通老客留存数量,NumberofRetainedExistingGoToneCustomers,Indicator_Name,Indicator_Name,指标名称,Indicator_Name,时间,Time,区域,Region
全球通老客留存占比,ProportionofRetainedExistingGoToneCustomers,Indicator_Name,Indicator_Name,指标名称,Indicator_Name,时间,Time,区域,Region
通信客户到达规模,CommunicationCustomerReachScale,Indicator_Name,Indicator_Name,指标名称,Indicator_Name,时间,Time,区域,Region
通信客户净增,NetIncreaseinCommunicationCustomers,Indicator_Name,Indicator_Name,指标名称,Indicator_Name,时间,Time,区域,Region
全球通老客流失数量,ExistingGlobalSystemCustomerChurnCount,Indicator_Name,Indicator_Name,指标名称,Indicator_Name,时间,Time,区域,Region
全球通老客流失占比,ProportionofChurnedExistingGoToneCustomers,Indicator_Name,Indicator_Name,指标名称,Indicator_Name,时间,Time,区域,Region
合约到期反弹,ReboundAfterContractExpiration,Indicator_Name,Indicator_Name,指标名称,Indicator_Name,时间,Time,区域,Region
总收入,TotalRevenue,Indicator_Name,Indicator_Name,指标名称,Indicator_Name,时间,Time,区域,Region
收入保有率,RevenueRetentionRate,Indicator_Name,Indicator_Name,指标名称,Indicator_Name,时间,Time,区域,Region
保拓比,RetentionDevelopmentRatio,Indicator_Name,Indicator_Name,指标名称,Indicator_Name,时间,Time,区域,Region
总收入影响,TotalRevenueImpact,Indicator_Name,Indicator_Name,指标名称,Indicator_Name,时间,Time,区域,Region
全球通总收入,TotalGlobalSystemRevenue,Indicator_Name,Indicator_Name,指标名称,Indicator_Name,时间,Time,区域,Region
全球通总收入占比,ProportionofTotalGoToneRevenue,Indicator_Name,Indicator_Name,指标名称,Indicator_Name,时间,Time,区域,Region
全球通老客户ARPU,ARPUofExistingGoToneCustomers,Indicator_Name,Indicator_Name,指标名称,Indicator_Name,时间,Time,区域,Region
全球通老客户收入占比,RevenueContributionRateofExistingGlobalSystemCustomers,Indicator_Name,Indicator_Name,指标名称,Indicator_Name,时间,Time,区域,Region
出账客户ARPU,ARPUofBillingCustomers,Indicator_Name,Indicator_Name,指标名称,Indicator_Name,时间,Time,区域,Region
出账客户份额,BillingCustomerShare,Indicator_Name,Indicator_Name,指标名称,Indicator_Name,时间,Time,区域,Region
全球通宽带客户ARPU,ARPUofGoToneBroadbandCustomers,Indicator_Name,Indicator_Name,指标名称,Indicator_Name,时间,Time,区域,Region
全球通宽带客户收入占比,RevenueContributionRateofGlobalSystemBroadbandCustomers,Indicator_Name,Indicator_Name,指标名称,Indicator_Name,时间,Time,区域,Region
全球通权益客户ARPU,ARPUofGoToneBenefitCustomers,Indicator_Name,Indicator_Name,指标名称,Indicator_Name,时间,Time,区域,Region
全球通权益客户收入占比,RevenueContributionRateofGlobalSystemPrivilegeCustomers,Indicator_Name,Indicator_Name,指标名称,Indicator_Name,时间,Time,区域,Region
全球通融合客户ARPU,ARPUofGoToneConvergedCustomers,Indicator_Name,Indicator_Name,指标名称,Indicator_Name,时间,Time,区域,Region
全球通融合客户收入占比,RevenueContributionRateofGlobalSystemConvergedCustomers,Indicator_Name,Indicator_Name,指标名称,Indicator_Name,时间,Time,区域,Region
全球通终端客户ARPU,ARPUofGoToneTerminalCustomers,Indicator_Name,Indicator_Name,指标名称,Indicator_Name,时间,Time,区域,Region
全球通终端客户收入占比,RevenueContributionRateofGlobalSystemTerminalCustomers,Indicator_Name,Indicator_Name,指标名称,Indicator_Name,时间,Time,区域,Region
月均升档客户提升金额（元）,AverageMonthlyRevenueIncreaseperUpgradedCustomer_RMB,Indicator_Name,Indicator_Name,指标名称,Indicator_Name,时间,Time,区域,Region
月均一降到底单客户提升金额,AverageMonthlyRevenueChangeperFullDowngradeCustomer,Indicator_Name,Indicator_Name,指标名称,Indicator_Name,时间,Time,区域,Region
一降到底损收,RevenueLossfromFullDowngrades,Indicator_Name,Indicator_Name,指标名称,Indicator_Name,时间,Time,区域,Region
月均降档单客户提升金额,AverageMonthlyRevenueChangeperDowngradedCustomer,Indicator_Name,Indicator_Name,指标名称,Indicator_Name,时间,Time,区域,Region
降档金额,DowngradeAmount,Indicator_Name,Indicator_Name,指标名称,Indicator_Name,时间,Time,区域,Region
单客容降档金额,MaximumAllowableDowngradeAmountperCustomer,Indicator_Name,Indicator_Name,指标名称,Indicator_Name,时间,Time,区域,Region
全球通老客户留存ARPU,RetainedARPUofExistingGoToneCustomers,Indicator_Name,Indicator_Name,指标名称,Indicator_Name,时间,Time,区域,Region
全球通老客户留存收入占比,ProportionofRetentionRevenuefromExistingGoToneCustomers,Indicator_Name,Indicator_Name,指标名称,Indicator_Name,时间,Time,区域,Region
全球通老客流失ARPU,ARPUofChurnedExistingGoToneCustomers,Indicator_Name,Indicator_Name,指标名称,Indicator_Name,时间,Time,区域,Region
全球通老客流失收入占比,ProportionofChurnRevenuefromExistingGoToneCustomers,Indicator_Name,Indicator_Name,指标名称,Indicator_Name,时间,Time,区域,Region
全球通超套客户ARPU,ARPUofGoToneOverPackageCustomers,Indicator_Name,Indicator_Name,指标名称,Indicator_Name,时间,Time,区域,Region
全球通超套客户收入占比,ProportionofRevenuefromGoToneOverPackageCustomers,Indicator_Name,Indicator_Name,指标名称,Indicator_Name,时间,Time,区域,Region
当月携出单容损失金额,MonthlyPerCustomerRevenueLossfromPortingOut,Indicator_Name,Indicator_Name,指标名称,Indicator_Name,时间,Time,区域,Region
全球通携出金额,GlobalPortingOutAmount,Indicator_Name,Indicator_Name,指标名称,Indicator_Name,时间,Time,区域,Region
拆机金额,ServiceCancellationAmount,Indicator_Name,Indicator_Name,指标名称,Indicator_Name,时间,Time,区域,Region
当月离网单容损失金额,MonthlyPerCustomerRevenueLossfromChurn,Indicator_Name,Indicator_Name,指标名称,Indicator_Name,时间,Time,区域,Region
全球通超套客户规模,ScaleofGoToneOverPackageCustomers,Indicator_Name,Indicator_Name,指标名称,Indicator_Name,时间,Time,区域,Region
手机上网流量份额,MobileDataUsageShare,Indicator_Name,Indicator_Name,指标名称,Indicator_Name,时间,Time,区域,Region
流量饱和度,DataUsageSaturationRate,Indicator_Name,Indicator_Name,指标名称,Indicator_Name,时间,Time,区域,Region
超套客户占比,ProportionofOverPackageCustomers,Indicator_Name,Indicator_Name,指标名称,Indicator_Name,时间,Time,区域,Region
超套风险客户低频高额,HighValueLowFrequencyOverPackageRiskCustomers,Indicator_Name,Indicator_Name,指标名称,Indicator_Name,时间,Time,区域,Region
超套风险客户高频高额,HighValueHighFrequencyOverPackageRiskCustomers,Indicator_Name,Indicator_Name,指标名称,Indicator_Name,时间,Time,区域,Region
超套风险客户低频低额,LowValueLowFrequencyOverPackageRiskCustomers,Indicator_Name,Indicator_Name,指标名称,Indicator_Name,时间,Time,区域,Region
超套风险客户高频低额,LowValueHighFrequencyOverPackageRiskCustomers,Indicator_Name,Indicator_Name,指标名称,Indicator_Name,时间,Time,区域,Region
超套客户归位策略数量,NumberofOverPackageCustomerReorientationStrategies,Indicator_Name,Indicator_Name,指标名称,Indicator_Name,时间,Time,区域,Region
超套客户触达量,OverPackageCustomerReachVolume,Indicator_Name,Indicator_Name,指标名称,Indicator_Name,时间,Time,区域,Region
超套归位主套餐类,MainPackageReorientationforOverPackageCustomers,Indicator_Name,Indicator_Name,指标名称,Indicator_Name,时间,Time,区域,Region
超套归位流量包类,DataPackageReorientationforOverPackageCustomers,Indicator_Name,Indicator_Name,指标名称,Indicator_Name,时间,Time,区域,Region
智家办理量,SmartHomeServiceSubscriptionVolume,Indicator_Name,Indicator_Name,指标名称,Indicator_Name,时间,Time,区域,Region
终端硬件办理量,TerminalHardwareSubscriptionVolume,Indicator_Name,Indicator_Name,指标名称,Indicator_Name,时间,Time,区域,Region
全球通客户满意度,GoToneCustomerSatisfaction,Indicator_Name,Indicator_Name,指标名称,Indicator_Name,时间,Time,区域,Region
全球通融合客户满意度,GoToneConvergedCustomerSatisfaction,Indicator_Name,Indicator_Name,指标名称,Indicator_Name,时间,Time,区域,Region
全球通宽带客户满意度,GoToneBroadbandCustomerSatisfaction,Indicator_Name,Indicator_Name,指标名称,Indicator_Name,时间,Time,区域,Region
全球通宽带大网满意度,GoToneBroadbandNetworkSatisfaction,Indicator_Name,Indicator_Name,指标名称,Indicator_Name,时间,Time,区域,Region
全球通权益客户满意度,GoToneBenefitCustomerSatisfaction,Indicator_Name,Indicator_Name,指标名称,Indicator_Name,时间,Time,区域,Region
全球通终端客户满意度,GoToneTerminalCustomerSatisfaction,Indicator_Name,Indicator_Name,指标名称,Indicator_Name,时间,Time,区域,Region
全球通整体大网满意度,OverallGoToneNetworkSatisfaction,Indicator_Name,Indicator_Name,指标名称,Indicator_Name,时间,Time,区域,Region
全球通手机满意度,GoToneMobilePhoneSatisfaction,Indicator_Name,Indicator_Name,指标名称,Indicator_Name,时间,Time,区域,Region
全球通手机上网大网满意度,GoToneMobileDataNetworkSatisfaction,Indicator_Name,Indicator_Name,指标名称,Indicator_Name,时间,Time,区域,Region
全球通营销宣传满意度,GoToneMarketingandPromotionSatisfaction,Indicator_Name,Indicator_Name,指标名称,Indicator_Name,时间,Time,区域,Region
全球通营销宣传大网满意度,GoToneMarketingandPromotionNetworkSatisfaction,Indicator_Name,Indicator_Name,指标名称,Indicator_Name,时间,Time,区域,Region
网络质量不好,PoorNetworkQuality,Indicator_Name,Indicator_Name,指标名称,Indicator_Name,时间,Time,区域,Region
服务不满,DissatisfactionwithServices,Indicator_Name,Indicator_Name,指标名称,Indicator_Name,时间,Time,区域,Region
离京出国,DeparturefromBeijing_Abroad,Indicator_Name,Indicator_Name,指标名称,Indicator_Name,时间,Time,区域,Region
查码工单量,CodeInquiryWorkOrderVolume,Indicator_Name,Indicator_Name,指标名称,Indicator_Name,时间,Time,区域,Region
接通率,ConnectionRate,Indicator_Name,Indicator_Name,指标名称,Indicator_Name,时间,Time,区域,Region
及时率,TimelinessRate,Indicator_Name,Indicator_Name,指标名称,Indicator_Name,时间,Time,区域,Region
全球通异网侵扰量,GlobalSystemCompetitorInvasionVolume,Indicator_Name,Indicator_Name,指标名称,Indicator_Name,时间,Time,区域,Region
全球通联通异网侵扰量,GlobalSystemChinaUnicomInvasionVolume,Indicator_Name,Indicator_Name,指标名称,Indicator_Name,时间,Time,区域,Region
全球通电信异网侵扰量,GlobalSystemChinaTelecomInvasionVolume,Indicator_Name,Indicator_Name,指标名称,Indicator_Name,时间,Time,区域,Region
成员资费侵扰,MemberTariffIntrusion,Indicator_Name,Indicator_Name,指标名称,Indicator_Name,时间,Time,区域,Region
终端号卡侵扰,TerminalSIMCardIntrusion,Indicator_Name,Indicator_Name,指标名称,Indicator_Name,时间,Time,区域,Region
全球通融合客户到期续约数,NumberofRenewedGoToneConvergedCustomersUponExpiration,Indicator_Name,Indicator_Name,指标名称,Indicator_Name,时间,Time,区域,Region
全球通融合客户到期续约率,RenewalRateofGoToneConvergedCustomersUponExpiration,Indicator_Name,Indicator_Name,指标名称,Indicator_Name,时间,Time,区域,Region
全球通宽带客户到期续约数,NumberofRenewedGoToneBroadbandCustomersUponExpiration,Indicator_Name,Indicator_Name,指标名称,Indicator_Name,时间,Time,区域,Region
全球通宽带客户到期续约率,RenewalRateofGoToneBroadbandCustomersUponExpiration,Indicator_Name,Indicator_Name,指标名称,Indicator_Name,时间,Time,区域,Region
全球通权益客户到期续约数,NumberofRenewedGoToneBenefitCustomersUponExpiration,Indicator_Name,Indicator_Name,指标名称,Indicator_Name,时间,Time,区域,Region
全球通权益客户到期续约率,RenewalRateofGoToneBenefitCustomersUponExpiration,Indicator_Name,Indicator_Name,指标名称,Indicator_Name,时间,Time,区域,Region
全球通终端客户到期续约数,NumberofRenewedGoToneTerminalCustomersUponExpiration,Indicator_Name,Indicator_Name,指标名称,Indicator_Name,时间,Time,区域,Region
全球通终端客户到期续约率,RenewalRateofGoToneTerminalCustomersUponExpiration,Indicator_Name,Indicator_Name,指标名称,Indicator_Name,时间,Time,区域,Region
终端硬合约规模,TerminalHardContractScale,Indicator_Name,Indicator_Name,指标名称,Indicator_Name,时间,Time,区域,Region
硬合约率,HardContractRate,Indicator_Name,Indicator_Name,指标名称,Indicator_Name,时间,Time,区域,Region
低饱和无硬合约,LowSaturationWithoutHardContracts,Indicator_Name,Indicator_Name,指标名称,Indicator_Name,时间,Time,区域,Region
全球通低饱和客户占比,ProportionofLowSaturationGoToneCustomers,Indicator_Name,Indicator_Name,指标名称,Indicator_Name,时间,Time,区域,Region
大网低饱和客户占比,ProportionofLowSaturationNetworkCustomers,Indicator_Name,Indicator_Name,指标名称,Indicator_Name,时间,Time,区域,Region
低饱和客户群组业务策略数量,NumberofBusinessStrategiesforLowSaturationCustomerGroups,Indicator_Name,Indicator_Name,指标名称,Indicator_Name,时间,Time,区域,Region
低饱和客户触达量,LowSaturationCustomerReachVolume,Indicator_Name,Indicator_Name,指标名称,Indicator_Name,时间,Time,区域,Region
低饱和归位万能副卡,UniversalSecondaryCardReorientationforLowSaturationCustomers,Indicator_Name,Indicator_Name,指标名称,Indicator_Name,时间,Time,区域,Region
低饱和归位爱家产品计划,AijiaProductPlanReorientationforLowSaturationCustomers,Indicator_Name,Indicator_Name,指标名称,Indicator_Name,时间,Time,区域,Region
硬合约客户规模,ScaleofHardContractCustomers,Indicator_Name,Indicator_Name,指标名称,Indicator_Name,时间,Time,区域,Region
中高饱和有宽,MediumHighSaturationwithBroadband,Indicator_Name,Indicator_Name,指标名称,Indicator_Name,时间,Time,区域,Region
中高端客户到达规模,MidtoHighEndCustomerReachScale,Indicator_Name,Indicator_Name,指标名称,Indicator_Name,时间,Time,区域,Region
中高端客户净增,NetIncreaseinMidtoHighEndCustomers,Indicator_Name,Indicator_Name,指标名称,Indicator_Name,时间,Time,区域,Region
FTTR发展到达规模,FTTRDevelopmentReachScale,Indicator_Name,Indicator_Name,指标名称,Indicator_Name,时间,Time,区域,Region
FTTR发展净增,NetIncreaseinFTTRDevelopment,Indicator_Name,Indicator_Name,指标名称,Indicator_Name,时间,Time,区域,Region
移动高清发展到达规模,MobileHDDevelopmentReachScale,Indicator_Name,Indicator_Name,指标名称,Indicator_Name,时间,Time,区域,Region
云电脑发展到达规模,CloudComputerDevelopmentReachScale,Indicator_Name,Indicator_Name,指标名称,Indicator_Name,时间,Time,区域,Region
APP客户活跃规模,ActiveAPPCustomerScale,Indicator_Name,Indicator_Name,指标名称,Indicator_Name,时间,Time,区域,Region
APP客户渗透率,APPCustomerPenetrationRate,Indicator_Name,Indicator_Name,指标名称,Indicator_Name,时间,Time,区域,Region
三大计划参与率,ParticipationRateofThreeMajorPlans,Indicator_Name,Indicator_Name,指标名称,Indicator_Name,时间,Time,区域,Region
全球通升级计划参与客户量,NumberofParticipantsinGoToneUpgradePlan,Indicator_Name,Indicator_Name,指标名称,Indicator_Name,时间,Time,区域,Region
全球通升级计划参与率,ParticipationRateofGoToneUpgradePlan,Indicator_Name,Indicator_Name,指标名称,Indicator_Name,时间,Time,区域,Region
网龄回馈计划参与客户量,NumberofParticipantsinNetworkAgeRewardPlan,Indicator_Name,Indicator_Name,指标名称,Indicator_Name,时间,Time,区域,Region
网龄回馈计划参与率,ParticipationRateofNetworkAgeRewardPlan,Indicator_Name,Indicator_Name,指标名称,Indicator_Name,时间,Time,区域,Region
移动爱家计划参与客户量,NumberofParticipantsinMobileAijiaPlan,Indicator_Name,Indicator_Name,指标名称,Indicator_Name,时间,Time,区域,Region
移动爱家计划参与率,ParticipationRateofMobileAijiaPlan,Indicator_Name,Indicator_Name,指标名称,Indicator_Name,时间,Time,区域,Region
全球通携出客户综合挽留数量,NumberofComprehensiveRetentionsforGoTonePortingOutCustomers,Indicator_Name,Indicator_Name,指标名称,Indicator_Name,时间,Time,区域,Region
全球通携出客户综合挽留率,ComprehensiveRetentionRateforGoTonePortingOutCustomers,Indicator_Name,Indicator_Name,指标名称,Indicator_Name,时间,Time,区域,Region
拆机综合挽留成功率,ComprehensiveRetentionSuccessRateforServiceCancellations,Indicator_Name,Indicator_Name,指标名称,Indicator_Name,时间,Time,区域,Region
全球通携出意向规模,ScaleofGoTonePortingOutIntent,Indicator_Name,Indicator_Name,指标名称,Indicator_Name,时间,Time,区域,Region
全球通携出意向客户占比,ProportionofGoToneCustomerswithPortingOutIntent,Indicator_Name,Indicator_Name,指标名称,Indicator_Name,时间,Time,区域,Region
携出风险占比,ProportionofPortingOutRisk,Indicator_Name,Indicator_Name,指标名称,Indicator_Name,时间,Time,区域,Region
全球通携出数量,NumberofGoTonePortingOutCases,Indicator_Name,Indicator_Name,指标名称,Indicator_Name,时间,Time,区域,Region
全球通携出率,GoTonePortingOutRate,Indicator_Name,Indicator_Name,指标名称,Indicator_Name,时间,Time,区域,Region
成员携出规模,MemberPortingOutScale,Indicator_Name,Indicator_Name,指标名称,Indicator_Name,时间,Time,区域,Region
携出处理及时率,TimelinessRateofPortingOutProcessing,Indicator_Name,Indicator_Name,指标名称,Indicator_Name,时间,Time,区域,Region
携出查码工单量,PortingOutCodeInquiryWorkOrderVolume,Indicator_Name,Indicator_Name,指标名称,Indicator_Name,时间,Time,区域,Region
携出接通率,PortingOutConnectionRate,Indicator_Name,Indicator_Name,指标名称,Indicator_Name,时间,Time,区域,Region
全球通携出客户品牌转换量,NumberofBrandConversionsAmongGoTonePortingOutCustomers,Indicator_Name,Indicator_Name,指标名称,Indicator_Name,时间,Time,区域,Region
全球通携出客户品牌转换占比,ProportionofBrandConversionsAmongGoTonePortingOutCustomers,Indicator_Name,Indicator_Name,指标名称,Indicator_Name,时间,Time,区域,Region
全球通异网携出规模,GlobalSystemCrossnetworkPortoutScale,Indicator_Name,Indicator_Name,指标名称,Indicator_Name,时间,Time,区域,Region
全球通异网携出占比,ProportionofGoTonePortingOuttoOtherNetworks,Indicator_Name,Indicator_Name,指标名称,Indicator_Name,时间,Time,区域,Region
全球通电信携出规模,GlobalSystemChinaTelecomPortoutScale,Indicator_Name,Indicator_Name,指标名称,Indicator_Name,时间,Time,区域,Region
全球通电信携出占比,ProportionofGoTonePortingOuttoChinaTelecom,Indicator_Name,Indicator_Name,指标名称,Indicator_Name,时间,Time,区域,Region
全球通联通携出规模,GlobalSystemChinaUnicomPortoutScale,Indicator_Name,Indicator_Name,指标名称,Indicator_Name,时间,Time,区域,Region
全球通联通携出占比,ProportionofGoTonePortingOuttoChinaUnicom,Indicator_Name,Indicator_Name,指标名称,Indicator_Name,时间,Time,区域,Region
全球通拆机意向客户占比,ProportionofGoToneCustomerswithServiceCancellationIntent,Indicator_Name,Indicator_Name,指标名称,Indicator_Name,时间,Time,区域,Region
全球通拆机意向规模,ScaleofGoToneServiceCancellationIntent,Indicator_Name,Indicator_Name,指标名称,Indicator_Name,时间,Time,区域,Region
全球通拆机意向工单数,NumberofWorkOrdersforGoToneServiceCancellationIntent,Indicator_Name,Indicator_Name,指标名称,Indicator_Name,时间,Time,区域,Region
全球通拆机意向分公司工单数,NumberofWorkOrdersforGoToneServiceCancellationIntentbyBranch,Indicator_Name,Indicator_Name,指标名称,Indicator_Name,时间,Time,区域,Region
全球通拆机率,GoToneServiceCancellationRate,Indicator_Name,Indicator_Name,指标名称,Indicator_Name,时间,Time,区域,Region
全球通拆机规模,GlobalSystemDisconnectionScale,Indicator_Name,Indicator_Name,指标名称,Indicator_Name,时间,Time,区域,Region
拆机处理及时率,TimelinessRateofServiceCancellationProcessing,Indicator_Name,Indicator_Name,指标名称,Indicator_Name,时间,Time,区域,Region
拆机接通率,ServiceCancellationConnectionRate,Indicator_Name,Indicator_Name,指标名称,Indicator_Name,时间,Time,区域,Region
全球通离网意向客户占比,ProportionofGoToneCustomerswithChurnIntent,Indicator_Name,Indicator_Name,指标名称,Indicator_Name,时间,Time,区域,Region
全球通离网规模,GlobalSystemChurnScale,Indicator_Name,Indicator_Name,指标名称,Indicator_Name,时间,Time,区域,Region
全球通离网率,GoToneChurnRate,Indicator_Name,Indicator_Name,指标名称,Indicator_Name,时间,Time,区域,Region
离网风险,DisconnectionRisk,Indicator_Name,Indicator_Name,指标名称,Indicator_Name,时间,Time,区域,Region
大类A：规模与价值保有结果,ScaleandValueRetentionResults,Analysis_Dimension_Major_Category,Analysis_Dimension_Major_Category,分析维度大类,Analysis_Dimension_Major_Category,,,,
大类D：潜在需求与客户体验,PotentialDemandandCustomerExperience,Analysis_Dimension_Major_Category,Analysis_Dimension_Major_Category,分析维度大类,Analysis_Dimension_Major_Category,,,,
大类E：运营效率与策略执行,OperationalEfficiencyandStrategyExecution,Analysis_Dimension_Major_Category,Analysis_Dimension_Major_Category,分析维度大类,Analysis_Dimension_Major_Category,,,,
大类B：价值经营与深度捆绑,ValueOperationandDeepBundling,Analysis_Dimension_Major_Category,Analysis_Dimension_Major_Category,分析维度大类,Analysis_Dimension_Major_Category,,,,
大类C：流失风险与客户挽留,ChurnRiskandCustomerRetention,Analysis_Dimension_Major_Category,Analysis_Dimension_Major_Category,分析维度大类,Analysis_Dimension_Major_Category,,,,
中类A1：总体保有成效,OverallRetentionPerformance,Analysis_Dimension_Middle_Category,Analysis_Dimension_Middle_Category,分析维度中类,Analysis_Dimension_Middle_Category,,,,
中类A2：客户规模与结构,CustomerScaleandStructure,Analysis_Dimension_Middle_Category,Analysis_Dimension_Middle_Category,分析维度中类,Analysis_Dimension_Middle_Category,,,,
中类D3：客户体验与满意度,CustomerExperienceandSatisfaction,Analysis_Dimension_Middle_Category,Analysis_Dimension_Middle_Category,分析维度中类,Analysis_Dimension_Middle_Category,,,,
中类D1：潜在客户挖掘,PotentialCustomerMining,Analysis_Dimension_Middle_Category,Analysis_Dimension_Middle_Category,分析维度中类,Analysis_Dimension_Middle_Category,,,,
中类D2：商机转化与业务办理,BusinessOpportunityConversionandServiceHandling,Analysis_Dimension_Middle_Category,Analysis_Dimension_Middle_Category,分析维度中类,Analysis_Dimension_Middle_Category,,,,
中类E1：策略触达与执行,StrategyReachandExecution,Analysis_Dimension_Middle_Category,Analysis_Dimension_Middle_Category,分析维度中类,Analysis_Dimension_Middle_Category,,,,
中类B2：业务渗透与融合,BusinessPenetrationandConvergence,Analysis_Dimension_Middle_Category,Analysis_Dimension_Middle_Category,分析维度中类,Analysis_Dimension_Middle_Category,,,,
中类A3：收入与客户价值,RevenueandCustomerValue,Analysis_Dimension_Middle_Category,Analysis_Dimension_Middle_Category,分析维度中类,Analysis_Dimension_Middle_Category,,,,
中类B1：升降档经营,UpgradeandDowngradeOperation,Analysis_Dimension_Middle_Category,Analysis_Dimension_Middle_Category,分析维度中类,Analysis_Dimension_Middle_Category,,,,
中类C1：流失风险预警,ChurnRiskEarlyWarning,Analysis_Dimension_Middle_Category,Analysis_Dimension_Middle_Category,分析维度中类,Analysis_Dimension_Middle_Category,,,,
中类C2：实际流失分析,ActualChurnAnalysis,Analysis_Dimension_Middle_Category,Analysis_Dimension_Middle_Category,分析维度中类,Analysis_Dimension_Middle_Category,,,,
中类E2：服务运营效能,ServiceOperationEfficiency,Analysis_Dimension_Middle_Category,Analysis_Dimension_Middle_Category,分析维度中类,Analysis_Dimension_Middle_Category,,,,
中类E3：到期续约管理,RenewalManagementUponExpiration,Analysis_Dimension_Middle_Category,Analysis_Dimension_Middle_Category,分析维度中类,Analysis_Dimension_Middle_Category,,,,
中类C3：挽留能力评估,RetentionCapabilityEvaluation,Analysis_Dimension_Middle_Category,Analysis_Dimension_Middle_Category,分析维度中类,Analysis_Dimension_Middle_Category,,,,
